insert into cliente (curp_cliente, fecha_de_nacimiento, genero, calle, estado, municipio, codigo_postal, numero, nombre, apellido_paterno, apellido_materno, correo_electronico, contrasena, puntos_acumulados) values ('BQSU621230HZSYZE86', '1982/03/25', 'M', 'Dunning', 'Veliko Tŭrnovo', 'Nobel', 52995, '+359 997 994 7798', 'Silvanus', 'Fettes', 'Tison', 'stison0@ocn.ne.jp', '4cpVKwYmh6', 835);
insert into cliente (curp_cliente, fecha_de_nacimiento, genero, calle, estado, municipio, codigo_postal, numero, nombre, apellido_paterno, apellido_materno, correo_electronico, contrasena, puntos_acumulados) values ('QVIX721231HZSEPS13', '1937/09/10', 'F', 'Lien', 'Xujia', 'Dakota', 58298, '+86 367 427 7647', 'Wynne', 'Groomebridge', 'Springham', 'wspringham1@mtv.com', '6gPqjKxfWkJ', 325);
insert into cliente (curp_cliente, fecha_de_nacimiento, genero, calle, estado, municipio, codigo_postal, numero, nombre, apellido_paterno, apellido_materno, correo_electronico, contrasena, puntos_acumulados) values ('XLVS621207HYNQAI50', '1984/08/23', 'M', 'Express', 'Jiangcun', 'Rieder', 73194, '+86 272 819 2830', 'Mackenzie', 'Eam', 'Chessman', 'mchessman2@boston.com', 'khJ4l8', 784);
insert into cliente (curp_cliente, fecha_de_nacimiento, genero, calle, estado, municipio, codigo_postal, numero, nombre, apellido_paterno, apellido_materno, correo_electronico, contrasena, puntos_acumulados) values ('DZVT920831MZSHSN66', '2015/05/26', 'F', 'Paget', '‘Awaj', 'Sullivan', 95187, '+963 639 937 6040', 'Drucill', 'Dawson', 'Linfield', 'dlinfield3@hubpages.com', 'HLLUyMZ', '064');
insert into cliente (curp_cliente, fecha_de_nacimiento, genero, calle, estado, municipio, codigo_postal, numero, nombre, apellido_paterno, apellido_materno, correo_electronico, contrasena, puntos_acumulados) values ('SFDG021209MTCMPS35', '1946/04/26', 'M', 'Scott', 'Luzhang', 'Esker', 73912, '+86 576 642 5788', 'Todd', 'De Maine', 'Parsand', 'tparsand4@bigcartel.com', 'cIYlR5nN1', '231');
insert into cliente (curp_cliente, fecha_de_nacimiento, genero, calle, estado, municipio, codigo_postal, numero, nombre, apellido_paterno, apellido_materno, correo_electronico, contrasena, puntos_acumulados) values ('BKQI921231MZSQDH90', '1942/06/22', 'M', 'Glendale', 'Bagrāmī', 'Anthes', 49204, '+93 339 316 1517', 'Gaspard', 'Lush', 'Torrecilla', 'gtorrecilla5@ezinearticles.com', 'akdGBrOI', '838');
insert into cliente (curp_cliente, fecha_de_nacimiento, genero, calle, estado, municipio, codigo_postal, numero, nombre, apellido_paterno, apellido_materno, correo_electronico, contrasena, puntos_acumulados) values ('OAHK020430HVZOXY47', '1969/01/07', 'F', 'Ruskin', 'San Esteban', 'Pierstorff', 49361, '+504 339 839 8640', 'Tybie', 'Athey', 'Cordingly', 'tcordingly6@vimeo.com', 'BZa3a3E8f', '928');
insert into cliente (curp_cliente, fecha_de_nacimiento, genero, calle, estado, municipio, codigo_postal, numero, nombre, apellido_paterno, apellido_materno, correo_electronico, contrasena, puntos_acumulados) values ('VUHJ521218HTSQPM17', '1996/10/04', 'F', 'Westend', 'Tortosendo', 'Washington', 22839, '+351 264 197 6224', 'Joell', 'Organ', 'MacSwayde', 'jmacswayde7@facebook.com', 'TRisRWupEcc1', '581');
insert into cliente (curp_cliente, fecha_de_nacimiento, genero, calle, estado, municipio, codigo_postal, numero, nombre, apellido_paterno, apellido_materno, correo_electronico, contrasena, puntos_acumulados) values ('ZGER021130MYNZPB01', '1998/11/02', 'F', 'Crowley', 'Mērsrags', 'Messerschmidt', '04827', '+371 475 217 5664', 'Dulcinea', 'Sebrens', 'Van T''Hoog', 'dvanthoog8@sphinn.com', 'wIzBG7iqmLlD', '576');
insert into cliente (curp_cliente, fecha_de_nacimiento, genero, calle, estado, municipio, codigo_postal, numero, nombre, apellido_paterno, apellido_materno, correo_electronico, contrasena, puntos_acumulados) values ('VXSB720530MQRJDY79', '2006/12/08', 'F', 'Florence', 'Boavista', 'Golf', '74472', '+351 908 623 2586', 'Lyssa', 'Michel', 'Reinbech', 'lreinbech9@wufoo.com', '2AwrF2UXIDZ', '849');
insert into cliente (curp_cliente, fecha_de_nacimiento, genero, calle, estado, municipio, codigo_postal, numero, nombre, apellido_paterno, apellido_materno, correo_electronico, contrasena, puntos_acumulados) values ('WDCR821200MZSFMO20', '1950/12/23', 'M', 'Crest Line', 'Det Udom', 'Sheridan', '09710', '+66 431 679 6283', 'Harland', 'Rosenberger', 'Baford', 'hbaforda@aol.com', 'h3IjJpJK', '546');
insert into cliente (curp_cliente, fecha_de_nacimiento, genero, calle, estado, municipio, codigo_postal, numero, nombre, apellido_paterno, apellido_materno, correo_electronico, contrasena, puntos_acumulados) values ('MTHZ221130HYNKUL91', '1935/06/17', 'M', 'Barnett', 'Gajiram', 'North', '14798', '+234 396 870 2059', 'Brian', 'Pendlington', 'Lashmore', 'blashmoreb@ning.com', 'N6wfvFSZy', '869');
insert into cliente (curp_cliente, fecha_de_nacimiento, genero, calle, estado, municipio, codigo_postal, numero, nombre, apellido_paterno, apellido_materno, correo_electronico, contrasena, puntos_acumulados) values ('FNCB421230MZSRZY37', '1995/10/28', 'F', 'Service', 'Yŏnggwang-ŭp', 'Kipling', '23822', '+850 884 969 1623', 'Storm', 'Danielot', 'Loveless', 'slovelessc@tamu.edu', 'HMFiFLXCk', '609');
insert into cliente (curp_cliente, fecha_de_nacimiento, genero, calle, estado, municipio, codigo_postal, numero, nombre, apellido_paterno, apellido_materno, correo_electronico, contrasena, puntos_acumulados) values ('RJFB721030HZSLRE90', '1969/07/20', 'M', 'Buena Vista', 'Ivry-sur-Seine', 'Hauk', '76446', '+33 577 401 5179', 'Bevan', 'Fensome', 'Lippett', 'blippettd@uol.com.br', 'DZ4rxn', '132');
insert into cliente (curp_cliente, fecha_de_nacimiento, genero, calle, estado, municipio, codigo_postal, numero, nombre, apellido_paterno, apellido_materno, correo_electronico, contrasena, puntos_acumulados) values ('NEXP121009HZSNMA83', '1927/12/13', 'F', '8th', 'Zhlobin', 'Lakeland', '89801', '+375 466 592 2788', 'Kari', 'Martinot', 'Kitteman', 'kkittemane@stumbleupon.com', '8LYEttUAAAl', '754');
insert into cliente (curp_cliente, fecha_de_nacimiento, genero, calle, estado, municipio, codigo_postal, numero, nombre, apellido_paterno, apellido_materno, correo_electronico, contrasena, puntos_acumulados) values ('BPUX321131MZSJCI32', '1987/02/04', 'F', 'Upham', 'Bacolod', 'Debs', '33684', '+63 163 578 6897', 'Jenine', 'Gorrissen', 'Tomaszkiewicz', 'jtomaszkiewiczf@1und1.de', 'czm9TLtV4QgH', '092');
insert into cliente (curp_cliente, fecha_de_nacimiento, genero, calle, estado, municipio, codigo_postal, numero, nombre, apellido_paterno, apellido_materno, correo_electronico, contrasena, puntos_acumulados) values ('SIOZ820211HZSVWO60', '1976/01/03', 'M', 'Steensland', 'Bahaodi', 'Shasta', '60960', '+86 351 666 8193', 'Sunny', 'Goburn', 'O''Corrin', 'socorring@lycos.com', 'aeK3zey7', '341');
insert into cliente (curp_cliente, fecha_de_nacimiento, genero, calle, estado, municipio, codigo_postal, numero, nombre, apellido_paterno, apellido_materno, correo_electronico, contrasena, puntos_acumulados) values ('NEXK021231MTSFAO31', '1922/01/17', 'M', 'Dwight', 'Pojan', 'Leroy', '78466', '+355 397 133 9774', 'Mikey', 'Fulham', 'Barhem', 'mbarhemh@gov.uk', 'KxAGYd56tgoz', '512');
insert into cliente (curp_cliente, fecha_de_nacimiento, genero, calle, estado, municipio, codigo_postal, numero, nombre, apellido_paterno, apellido_materno, correo_electronico, contrasena, puntos_acumulados) values ('MWSX920330MZSBNY45', '1953/08/10', 'F', 'Pine View', 'Maoping', 'Lakeland', '51025', '+86 235 434 3401', 'Gabie', 'Andrzejewski', 'Canby', 'gcanbyi@barnesandnoble.com', 'EdaNQVavK0se', '808');
insert into cliente (curp_cliente, fecha_de_nacimiento, genero, calle, estado, municipio, codigo_postal, numero, nombre, apellido_paterno, apellido_materno, correo_electronico, contrasena, puntos_acumulados) values ('JGSZ021231MYNPRW63', '1943/11/17', 'F', 'Farwell', 'Tigre', 'Spenser', '36316', '+54 784 496 5851', 'Betteann', 'Banbrigge', 'Rudolf', 'brudolfj@ucsd.edu', '6MqSaB', '554');
insert into cliente (curp_cliente, fecha_de_nacimiento, genero, calle, estado, municipio, codigo_postal, numero, nombre, apellido_paterno, apellido_materno, correo_electronico, contrasena, puntos_acumulados) values ('IMZO921203MZSVKN50', '2010/10/04', 'F', 'Schmedeman', 'Arroyo Seco', 'Esch', '49210', '+54 790 642 3634', 'Cris', 'Bratley', 'Manus', 'cmanusk@springer.com', 'fsdRr6', '189');
insert into cliente (curp_cliente, fecha_de_nacimiento, genero, calle, estado, municipio, codigo_postal, numero, nombre, apellido_paterno, apellido_materno, correo_electronico, contrasena, puntos_acumulados) values ('KCUL121131MTSXDZ96', '2003/03/25', 'F', 'Hanson', 'Perho', 'Shoshone', '21478', '+358 194 188 4386', 'Lib', 'Fordy', 'Kipping', 'lkippingl@last.fm', '6gnVHAsXp', '126');
insert into cliente (curp_cliente, fecha_de_nacimiento, genero, calle, estado, municipio, codigo_postal, numero, nombre, apellido_paterno, apellido_materno, correo_electronico, contrasena, puntos_acumulados) values ('FZVK621231MYNMLX15', '1990/09/17', 'M', 'Spenser', 'Dabola', 'Barby', '75794', '+224 220 619 8907', 'Willard', 'Bissex', 'Rieme', 'wriemem@networksolutions.com', 'qTW8rfC', '479');
insert into cliente (curp_cliente, fecha_de_nacimiento, genero, calle, estado, municipio, codigo_postal, numero, nombre, apellido_paterno, apellido_materno, correo_electronico, contrasena, puntos_acumulados) values ('DQTJ621130MYNKAW11', '1976/06/09', 'F', 'Rigney', 'Shakhty', 'Shopko', '37417', '+7 864 479 4734', 'Piper', 'Buten', 'Tanguy', 'ptanguyn@free.fr', 'BkmT7DEBFY0N', '068');
insert into cliente (curp_cliente, fecha_de_nacimiento, genero, calle, estado, municipio, codigo_postal, numero, nombre, apellido_paterno, apellido_materno, correo_electronico, contrasena, puntos_acumulados) values ('QYPE121130HZSCXN48', '1953/07/17', 'F', 'Melby', 'Chenhu', 'Vermont', '38611', '+86 107 738 9402', 'Janela', 'Brunelli', 'Baise', 'jbaiseo@google.it', '09atfC', '833');
insert into cliente (curp_cliente, fecha_de_nacimiento, genero, calle, estado, municipio, codigo_postal, numero, nombre, apellido_paterno, apellido_materno, correo_electronico, contrasena, puntos_acumulados) values ('UCDG021031HSRMQB67', '1984/10/22', 'M', 'Upham', 'Rana', 'Loftsgordon', '49946', '+351 408 534 8445', 'Ephrayim', 'Skerman', 'Bickersteth', 'ebickerstethp@unicef.org', 'Sg4v4WsC1hUz', '876');
insert into cliente (curp_cliente, fecha_de_nacimiento, genero, calle, estado, municipio, codigo_postal, numero, nombre, apellido_paterno, apellido_materno, correo_electronico, contrasena, puntos_acumulados) values ('BYRX821230HVZJAF46', '1946/10/30', 'F', 'Del Mar', 'Pu’er', 'Clarendon', '96099', '+86 553 702 7289', 'Julia', 'Jeenes', 'Messum', 'jmessumq@microsoft.com', 'whH2gmLl93', '946');
insert into cliente (curp_cliente, fecha_de_nacimiento, genero, calle, estado, municipio, codigo_postal, numero, nombre, apellido_paterno, apellido_materno, correo_electronico, contrasena, puntos_acumulados) values ('YXUO121131HZSRJA34', '1955/07/14', 'M', 'Waubesa', 'Mogotes', 'Myrtle', '53436', '+57 663 444 5044', 'Meier', 'Jerger', 'Le Bosse', 'mlebosser@ibm.com', 'P77jVlylRa80', '095');
insert into cliente (curp_cliente, fecha_de_nacimiento, genero, calle, estado, municipio, codigo_postal, numero, nombre, apellido_paterno, apellido_materno, correo_electronico, contrasena, puntos_acumulados) values ('ZJBH021002MYNMER90', '1972/10/07', 'M', 'Cascade', 'Daying', 'Fisk', '10959', '+86 425 514 7782', 'Fonsie', 'Sangra', 'Caruth', 'fcaruths@cnet.com', 'nb8mcNTfI', '601');
insert into cliente (curp_cliente, fecha_de_nacimiento, genero, calle, estado, municipio, codigo_postal, numero, nombre, apellido_paterno, apellido_materno, correo_electronico, contrasena, puntos_acumulados) values ('LIYN221231HVZJBI91', '1990/11/28', 'M', 'Farwell', 'Kamaris', 'Spohn', '96878', '+374 123 401 4817', 'Lauren', 'Cronshaw', 'McGiff', 'lmcgifft@senate.gov', '7MZJCC3', '794');
insert into cliente (curp_cliente, fecha_de_nacimiento, genero, calle, estado, municipio, codigo_postal, numero, nombre, apellido_paterno, apellido_materno, correo_electronico, contrasena, puntos_acumulados) values ('CWAE821219HZSWDI94', '1971/07/05', 'F', 'Luster', 'Hanting', 'Karstens', '25038', '+86 767 643 7196', 'Marget', 'Langhor', 'Plank', 'mplanku@mit.edu', 'xnOxn2y6Zw2', '261');
insert into cliente (curp_cliente, fecha_de_nacimiento, genero, calle, estado, municipio, codigo_postal, numero, nombre, apellido_paterno, apellido_materno, correo_electronico, contrasena, puntos_acumulados) values ('WATL621110HZSQYV71', '1994/08/30', 'M', 'Fordem', 'Kabankalan', 'Kim', '36123', '+63 927 788 8242', 'Xever', 'Ablott', 'Harrowing', 'xharrowingv@illinois.edu', 'P1fZ6o', '142');
insert into cliente (curp_cliente, fecha_de_nacimiento, genero, calle, estado, municipio, codigo_postal, numero, nombre, apellido_paterno, apellido_materno, correo_electronico, contrasena, puntos_acumulados) values ('SDTJ121017HZSMOC87', '2018/09/29', 'M', 'Buell', 'Tete', 'Vermont', '55034', '+258 615 374 3030', 'Richie', 'Hamblyn', 'Bugdell', 'rbugdellw@diigo.com', 'o787SfqaQ0Hl', '640');
insert into cliente (curp_cliente, fecha_de_nacimiento, genero, calle, estado, municipio, codigo_postal, numero, nombre, apellido_paterno, apellido_materno, correo_electronico, contrasena, puntos_acumulados) values ('DKSU421031MTCERN70', '1993/01/24', 'F', 'Mariners Cove', 'Yanghuxiang', 'Buell', '45616', '+86 665 508 2138', 'Tove', 'Behning', 'Chaney', 'tchaneyx@e-recht24.de', 'flyM48PD6afj', '200');
insert into cliente (curp_cliente, fecha_de_nacimiento, genero, calle, estado, municipio, codigo_postal, numero, nombre, apellido_paterno, apellido_materno, correo_electronico, contrasena, puntos_acumulados) values ('XAMK221231HTCNPZ17', '1929/10/19', 'M', 'Briar Crest', 'Fuyong', 'Barnett', '98768', '+86 254 497 5267', 'Kale', 'Ransfield', 'Garnall', 'kgarnally@google.de', 'wiOwUQ7fD', '681');
insert into cliente (curp_cliente, fecha_de_nacimiento, genero, calle, estado, municipio, codigo_postal, numero, nombre, apellido_paterno, apellido_materno, correo_electronico, contrasena, puntos_acumulados) values ('AUCL921230MVZNUD55', '2018/09/05', 'M', 'Schiller', 'Mafinga', 'Armistice', '46004', '+255 682 561 1029', 'Reinwald', 'Colebeck', 'Pett', 'rpettz@photobucket.com', 'rlogEmfBsXk', '938');
insert into cliente (curp_cliente, fecha_de_nacimiento, genero, calle, estado, municipio, codigo_postal, numero, nombre, apellido_paterno, apellido_materno, correo_electronico, contrasena, puntos_acumulados) values ('ORDP221131HYNMUR41', '1980/05/22', 'M', 'Oak', 'Pul-e Sangī', 'Morning', '37334', '+93 664 645 1955', 'Carlie', 'Dedden', 'Khotler', 'ckhotler10@jimdo.com', 'RwTakF', '611');
insert into cliente (curp_cliente, fecha_de_nacimiento, genero, calle, estado, municipio, codigo_postal, numero, nombre, apellido_paterno, apellido_materno, correo_electronico, contrasena, puntos_acumulados) values ('JBTK421230MYNHNP33', '2008/04/13', 'M', 'John Wall', 'Binjai', 'Maple', '82391', '+62 628 704 5358', 'Donnell', 'Derwin', 'Bird', 'dbird11@house.gov', 'xukU2su', '951');
insert into cliente (curp_cliente, fecha_de_nacimiento, genero, calle, estado, municipio, codigo_postal, numero, nombre, apellido_paterno, apellido_materno, correo_electronico, contrasena, puntos_acumulados) values ('AMHJ721118MZSJVZ31', '1939/11/24', 'M', 'Towne', 'Zdovbytsya', 'Saint Paul', '77451', '+380 488 874 6760', 'Shelton', 'Verrechia', 'Ludlom', 'sludlom12@com.com', 'B9JJk0', '236');
insert into cliente (curp_cliente, fecha_de_nacimiento, genero, calle, estado, municipio, codigo_postal, numero, nombre, apellido_paterno, apellido_materno, correo_electronico, contrasena, puntos_acumulados) values ('RIDK320330MVZNWZ47', '1971/05/03', 'F', 'Haas', 'Lubukgadang', 'Lakewood Gardens', '82339', '+62 335 343 0082', 'Cristal', 'Le Marchant', 'Pesselt', 'cpesselt13@imdb.com', 'xmg1DmwQ9D', '911');
insert into cliente (curp_cliente, fecha_de_nacimiento, genero, calle, estado, municipio, codigo_postal, numero, nombre, apellido_paterno, apellido_materno, correo_electronico, contrasena, puntos_acumulados) values ('MDZP621231HZSTXU76', '1954/06/30', 'M', 'Southridge', 'Doctor Juan León Mallorquín', 'Beilfuss', '72943', '+595 371 656 2170', 'Dal', 'Comsty', 'Skakunas', 'dskakunas14@shareasale.com', 'UIrfElncQCI', '684');
insert into cliente (curp_cliente, fecha_de_nacimiento, genero, calle, estado, municipio, codigo_postal, numero, nombre, apellido_paterno, apellido_materno, correo_electronico, contrasena, puntos_acumulados) values ('AJHT421231HTCVYC84', '1982/07/03', 'F', 'Tomscot', 'Yiyang', 'Burrows', '57899', '+86 442 333 9008', 'Peggy', 'Escoffrey', 'Craythorne', 'pcraythorne15@xing.com', 'VuugnUH3zGqG', '312');
insert into cliente (curp_cliente, fecha_de_nacimiento, genero, calle, estado, municipio, codigo_postal, numero, nombre, apellido_paterno, apellido_materno, correo_electronico, contrasena, puntos_acumulados) values ('NLYP821202MZSPNS93', '1929/08/18', 'F', '8th', 'Ejidal', 'Maple Wood', '26180', '+52 237 681 7344', 'Inger', 'Krzysztofiak', 'Axel', 'iaxel16@blog.com', 'NvUBAW1C', '916');
insert into cliente (curp_cliente, fecha_de_nacimiento, genero, calle, estado, municipio, codigo_postal, numero, nombre, apellido_paterno, apellido_materno, correo_electronico, contrasena, puntos_acumulados) values ('XVQK421131HZSZUX96', '2021/02/27', 'F', 'Maple', 'Munse', 'Acker', '98448', '+62 249 564 0504', 'Lexis', 'O'' Meara', 'Brick', 'lbrick17@smh.com.au', 'n8zKmn9', '159');
insert into cliente (curp_cliente, fecha_de_nacimiento, genero, calle, estado, municipio, codigo_postal, numero, nombre, apellido_paterno, apellido_materno, correo_electronico, contrasena, puntos_acumulados) values ('GCKX421131HYNFWM60', '1979/08/30', 'F', 'Cascade', 'Langpas', 'Homewood', '21791', '+63 525 154 3182', 'Sada', 'Gallahue', 'Freke', 'sfreke18@independent.co.uk', 'SiRym1O2w', '663');
insert into cliente (curp_cliente, fecha_de_nacimiento, genero, calle, estado, municipio, codigo_postal, numero, nombre, apellido_paterno, apellido_materno, correo_electronico, contrasena, puntos_acumulados) values ('LVBZ021231HVZGVI39', '2011/08/06', 'M', 'South', 'Jaciara', 'Meadow Vale', '89144', '+55 298 259 4477', 'Avram', 'Gass', 'Humphrey', 'ahumphrey19@storify.com', 'OlaVCAy3JI', '507');
insert into cliente (curp_cliente, fecha_de_nacimiento, genero, calle, estado, municipio, codigo_postal, numero, nombre, apellido_paterno, apellido_materno, correo_electronico, contrasena, puntos_acumulados) values ('CINT721231HQRYFL45', '1923/08/07', 'M', 'Everett', 'Kema', 'Melby', '39213', '+62 640 471 5637', 'Rustie', 'Cussins', 'Rogers', 'rrogers1a@de.vu', 'hed8scbg4Xjg', '474');
insert into cliente (curp_cliente, fecha_de_nacimiento, genero, calle, estado, municipio, codigo_postal, numero, nombre, apellido_paterno, apellido_materno, correo_electronico, contrasena, puntos_acumulados) values ('JECA921119HZSMUS14', '1935/10/12', 'F', 'Dennis', 'Sfax', 'Everett', '13795', '+216 798 345 1878', 'Jobye', 'Lortz', 'Strutton', 'jstrutton1b@state.tx.us', 'ws71fefjIe', '540');
insert into cliente (curp_cliente, fecha_de_nacimiento, genero, calle, estado, municipio, codigo_postal, numero, nombre, apellido_paterno, apellido_materno, correo_electronico, contrasena, puntos_acumulados) values ('YRSM021230MZSFPM26', '1982/01/01', 'M', 'Miller', 'Sv. Ana v Slov. Goricah', 'Westend', '37537', '+386 730 383 2107', 'Matteo', 'Raine', 'Eyam', 'meyam1c@taobao.com', 'FpPP0t', '308');
insert into cliente (curp_cliente, fecha_de_nacimiento, genero, calle, estado, municipio, codigo_postal, numero, nombre, apellido_paterno, apellido_materno, correo_electronico, contrasena, puntos_acumulados) values ('XSKM221231HSPCBQ98', '1981/04/13', 'F', 'Texas', 'Guacara', 'Basil', '40993', '+58 710 461 9755', 'Caryn', 'Dillingston', 'Goodlip', 'cgoodlip1d@fc2.com', 'JXCpG5kQ8nex', '243');
insert into cliente (curp_cliente, fecha_de_nacimiento, genero, calle, estado, municipio, codigo_postal, numero, nombre, apellido_paterno, apellido_materno, correo_electronico, contrasena, puntos_acumulados) values ('TFIW221130HTSMNE66', '2011/05/29', 'M', 'Morning', 'Postoloprty', 'Banding', '12105', '+420 835 503 2640', 'Dallon', 'McNeigh', 'Narrie', 'dnarrie1e@illinois.edu', 'TwkYdY', '012');
insert into cliente (curp_cliente, fecha_de_nacimiento, genero, calle, estado, municipio, codigo_postal, numero, nombre, apellido_paterno, apellido_materno, correo_electronico, contrasena, puntos_acumulados) values ('WMFE221230MZSJPF40', '1971/03/02', 'M', 'Oak', 'Vimieiro', 'Mcbride', '63569', '+351 279 143 8583', 'Barbabas', 'Connett', 'Deviney', 'bdeviney1f@e-recht24.de', 'v1mavVlosl7', '532');
insert into cliente (curp_cliente, fecha_de_nacimiento, genero, calle, estado, municipio, codigo_postal, numero, nombre, apellido_paterno, apellido_materno, correo_electronico, contrasena, puntos_acumulados) values ('SYMT520230MZSRNX14', '1975/02/08', 'M', 'Bobwhite', 'Sukomulyo', 'Pearson', '11521', '+62 341 966 0265', 'Frasier', 'Matijevic', 'Discombe', 'fdiscombe1g@sohu.com', 'IXRMdFzpZuVV', '245');
insert into cliente (curp_cliente, fecha_de_nacimiento, genero, calle, estado, municipio, codigo_postal, numero, nombre, apellido_paterno, apellido_materno, correo_electronico, contrasena, puntos_acumulados) values ('UOBN321219MZSZTC31', '1921/03/23', 'M', 'Glendale', 'Tirlyanskiy', 'Maple Wood', '74457', '+7 198 591 3922', 'Sven', 'Addis', 'Bawdon', 'sbawdon1h@bloomberg.com', 't6B2DVQxLbN', '578');
insert into cliente (curp_cliente, fecha_de_nacimiento, genero, calle, estado, municipio, codigo_postal, numero, nombre, apellido_paterno, apellido_materno, correo_electronico, contrasena, puntos_acumulados) values ('RMCA321214HZSLCP73', '1934/11/20', 'M', 'Grover', 'Tillabéri', 'Milwaukee', '37362', '+227 175 471 8088', 'Klement', 'Gerriessen', 'Bentson', 'kbentson1i@who.int', 'Gi40bE1G', '797');
insert into cliente (curp_cliente, fecha_de_nacimiento, genero, calle, estado, municipio, codigo_postal, numero, nombre, apellido_paterno, apellido_materno, correo_electronico, contrasena, puntos_acumulados) values ('RKTB521231HYNWST83', '1987/11/07', 'F', 'Surrey', 'Shādegān', 'Nobel', '27175', '+98 534 664 1770', 'Antoinette', 'Messenbird', 'Sopper', 'asopper1j@t.co', '2MW88zL', '683');
insert into cliente (curp_cliente, fecha_de_nacimiento, genero, calle, estado, municipio, codigo_postal, numero, nombre, apellido_paterno, apellido_materno, correo_electronico, contrasena, puntos_acumulados) values ('DOYT021231HYNVKP51', '1963/09/21', 'M', 'Loeprich', 'Aguitu', 'Summit', '83113', '+86 927 971 5937', 'Norman', 'Swynley', 'Heater', 'nheater1k@over-blog.com', '3r4ko6xOUNSh', '261');
insert into cliente (curp_cliente, fecha_de_nacimiento, genero, calle, estado, municipio, codigo_postal, numero, nombre, apellido_paterno, apellido_materno, correo_electronico, contrasena, puntos_acumulados) values ('IVNM221030HYNRHP18', '1997/08/08', 'F', 'Rigney', 'Las Heras', 'Nobel', '79540', '+54 334 288 4407', 'Marja', 'Gianasi', 'Kubyszek', 'mkubyszek1l@chicagotribune.com', 'tzKpB8OW0xE', '689');
insert into cliente (curp_cliente, fecha_de_nacimiento, genero, calle, estado, municipio, codigo_postal, numero, nombre, apellido_paterno, apellido_materno, correo_electronico, contrasena, puntos_acumulados) values ('QJUC821231MYNMEP18', '2020/03/27', 'M', 'Dottie', 'Kannus', 'Hoffman', '10998', '+358 127 762 3206', 'Gannie', 'Jannaway', 'Pountney', 'gpountney1m@oakley.com', 'OyKVCOSFx0H', '377');
insert into cliente (curp_cliente, fecha_de_nacimiento, genero, calle, estado, municipio, codigo_postal, numero, nombre, apellido_paterno, apellido_materno, correo_electronico, contrasena, puntos_acumulados) values ('YJIE921231HYNIUR87', '1996/02/26', 'M', 'Grover', 'Paris 06', 'Nova', '59699', '+33 393 482 3937', 'Filip', 'Wogdon', 'Piniur', 'fpiniur1n@webeden.co.uk', 'F1RO5fYO3LF', '963');
insert into cliente (curp_cliente, fecha_de_nacimiento, genero, calle, estado, municipio, codigo_postal, numero, nombre, apellido_paterno, apellido_materno, correo_electronico, contrasena, puntos_acumulados) values ('KOLT621231HZSXZG27', '1977/04/24', 'M', 'Pankratz', 'Yangxu', 'Loeprich', '29557', '+86 196 735 5320', 'Chick', 'Geikie', 'Gurwood', 'cgurwood1o@tripod.com', '1awTKaf4ZLUt', '924');
insert into cliente (curp_cliente, fecha_de_nacimiento, genero, calle, estado, municipio, codigo_postal, numero, nombre, apellido_paterno, apellido_materno, correo_electronico, contrasena, puntos_acumulados) values ('KVZC021130MZSNMX15', '1956/11/25', 'F', '4th', 'Zhongxin', 'John Wall', '44406', '+86 180 347 1509', 'Codi', 'Dowry', 'Stranaghan', 'cstranaghan1p@mayoclinic.com', 'DXSCeS83', '871');
insert into cliente (curp_cliente, fecha_de_nacimiento, genero, calle, estado, municipio, codigo_postal, numero, nombre, apellido_paterno, apellido_materno, correo_electronico, contrasena, puntos_acumulados) values ('PDRN021130HYNANR07', '2018/07/23', 'M', 'Bartelt', 'Rio Brilhante', 'New Castle', '00511', '+55 833 973 5536', 'Chandler', 'Roxby', 'Sommerland', 'csommerland1q@howstuffworks.com', 'ieCOT8oqP', '016');
insert into cliente (curp_cliente, fecha_de_nacimiento, genero, calle, estado, municipio, codigo_postal, numero, nombre, apellido_paterno, apellido_materno, correo_electronico, contrasena, puntos_acumulados) values ('BYVZ521006MVZZLB61', '2002/08/19', 'M', 'Garrison', 'Mosteiro', 'Waywood', '01812', '+351 282 915 8935', 'Hansiain', 'Cristofano', 'Raraty', 'hraraty1r@desdev.cn', 'QkOexInBH7C', '454');
insert into cliente (curp_cliente, fecha_de_nacimiento, genero, calle, estado, municipio, codigo_postal, numero, nombre, apellido_paterno, apellido_materno, correo_electronico, contrasena, puntos_acumulados) values ('LFXW921231MTCEFU02', '2016/01/14', 'F', 'Cordelia', 'Kolonia Town', 'Butternut', '14201', '+691 583 372 9322', 'Bell', 'McGragh', 'Borrows', 'bborrows1s@google.es', '0gQHho4lj', '131');
insert into cliente (curp_cliente, fecha_de_nacimiento, genero, calle, estado, municipio, codigo_postal, numero, nombre, apellido_paterno, apellido_materno, correo_electronico, contrasena, puntos_acumulados) values ('OMKU821231MZSPXD99', '2013/05/03', 'M', 'Delaware', 'Amboasary', 'Laurel', '48269', '+261 503 883 1415', 'Silvano', 'Skittle', 'Goodyear', 'sgoodyear1t@engadget.com', 'lPeLko9', '522');
insert into cliente (curp_cliente, fecha_de_nacimiento, genero, calle, estado, municipio, codigo_postal, numero, nombre, apellido_paterno, apellido_materno, correo_electronico, contrasena, puntos_acumulados) values ('OJWP421231MZSXRB66', '1957/12/13', 'F', 'Arizona', 'Xi’an', 'Buell', '64712', '+86 661 795 0990', 'Malory', 'Coopper', 'Denson', 'mdenson1u@netlog.com', '69xZVcCPp', '063');
insert into cliente (curp_cliente, fecha_de_nacimiento, genero, calle, estado, municipio, codigo_postal, numero, nombre, apellido_paterno, apellido_materno, correo_electronico, contrasena, puntos_acumulados) values ('HAMJ620030MTCWRO35', '1963/06/24', 'F', 'Harper', 'Paris La Défense', 'Gale', '16515', '+33 912 173 5687', 'Adina', 'Sillars', 'Clendinning', 'aclendinning1v@vinaora.com', 'KT1TwVcj', '156');
insert into cliente (curp_cliente, fecha_de_nacimiento, genero, calle, estado, municipio, codigo_postal, numero, nombre, apellido_paterno, apellido_materno, correo_electronico, contrasena, puntos_acumulados) values ('QWSJ020831HTSFGN60', '1998/04/15', 'M', 'Cordelia', 'Bojongnangka', 'Luster', '96630', '+62 721 793 2966', 'Benjamin', 'Tournay', 'O''Halligan', 'bohalligan1w@kickstarter.com', 'cg6lB3o', '472');
insert into cliente (curp_cliente, fecha_de_nacimiento, genero, calle, estado, municipio, codigo_postal, numero, nombre, apellido_paterno, apellido_materno, correo_electronico, contrasena, puntos_acumulados) values ('UICW320504MVZSXV86', '1999/09/05', 'M', 'Hoard', 'Yangxiang', 'Main', '59760', '+86 194 713 8151', 'Pauly', 'Sheering', 'McMurdo', 'pmcmurdo1x@princeton.edu', 'jaFhKI9N', '723');
insert into cliente (curp_cliente, fecha_de_nacimiento, genero, calle, estado, municipio, codigo_postal, numero, nombre, apellido_paterno, apellido_materno, correo_electronico, contrasena, puntos_acumulados) values ('MXPC921231MZSHRN21', '1934/07/05', 'F', 'Delaware', 'Buena Esperanza', 'Crowley', '14663', '+54 193 835 6267', 'Maris', 'Fullicks', 'Waudby', 'mwaudby1y@bizjournals.com', 'wGHhTED', '597');
insert into cliente (curp_cliente, fecha_de_nacimiento, genero, calle, estado, municipio, codigo_postal, numero, nombre, apellido_paterno, apellido_materno, correo_electronico, contrasena, puntos_acumulados) values ('ZUBQ321212MTSPNQ59', '1946/06/06', 'F', 'Daystar', 'Château-Richer', 'Delaware', '41156', '+1 237 448 2403', 'Belicia', 'Macklin', 'Adshad', 'badshad1z@cbsnews.com', 'BPvVCs', '276');
insert into cliente (curp_cliente, fecha_de_nacimiento, genero, calle, estado, municipio, codigo_postal, numero, nombre, apellido_paterno, apellido_materno, correo_electronico, contrasena, puntos_acumulados) values ('UQRB921206MZSKAP63', '1926/09/06', 'M', 'Sachtjen', 'Morris', 'Birchwood', '75746', '+1 936 761 6823', 'Jerald', 'Jee', 'Flann', 'jflann20@microsoft.com', '5TSy4Z5ofob', '037');
insert into cliente (curp_cliente, fecha_de_nacimiento, genero, calle, estado, municipio, codigo_postal, numero, nombre, apellido_paterno, apellido_materno, correo_electronico, contrasena, puntos_acumulados) values ('XLKW021131HZSEFB58', '1973/03/26', 'F', 'Mallory', 'Dubno', 'Waxwing', '80274', '+380 254 273 2533', 'Reena', 'Graalman', 'Tattersdill', 'rtattersdill21@usgs.gov', 'f0KaL9Bz', '519');
insert into cliente (curp_cliente, fecha_de_nacimiento, genero, calle, estado, municipio, codigo_postal, numero, nombre, apellido_paterno, apellido_materno, correo_electronico, contrasena, puntos_acumulados) values ('KILR221230HZSODB67', '1989/02/22', 'F', 'Division', 'Datong', 'Acker', '21158', '+86 703 338 0243', 'Janette', 'Sjostrom', 'Monketon', 'jmonketon22@slashdot.org', 'SttjVIMOb', '057');
insert into cliente (curp_cliente, fecha_de_nacimiento, genero, calle, estado, municipio, codigo_postal, numero, nombre, apellido_paterno, apellido_materno, correo_electronico, contrasena, puntos_acumulados) values ('XWZB421231HYNLAZ87', '2020/11/09', 'M', 'Rutledge', 'Yitang', 'Crest Line', '70107', '+86 534 671 9777', 'Thatcher', 'Yuill', 'Raden', 'traden23@woothemes.com', 'MQXIrYWPf', '306');
insert into cliente (curp_cliente, fecha_de_nacimiento, genero, calle, estado, municipio, codigo_postal, numero, nombre, apellido_paterno, apellido_materno, correo_electronico, contrasena, puntos_acumulados) values ('AKQB021131HTSHVN66', '1977/08/24', 'F', 'Oak', 'Caraguatatuba', 'Esch', '04618', '+55 834 718 6367', 'Avril', 'Balint', 'Drage', 'adrage24@people.com.cn', 'qLQP8HC', '501');
insert into cliente (curp_cliente, fecha_de_nacimiento, genero, calle, estado, municipio, codigo_postal, numero, nombre, apellido_paterno, apellido_materno, correo_electronico, contrasena, puntos_acumulados) values ('MFOK021100MZSLEK39', '1952/03/03', 'F', 'Texas', 'Goúvai', 'Glacier Hill', '61175', '+30 355 830 8121', 'Brita', 'Dignum', 'Worcs', 'bworcs25@feedburner.com', 'XnkiY6U', '770');
insert into cliente (curp_cliente, fecha_de_nacimiento, genero, calle, estado, municipio, codigo_postal, numero, nombre, apellido_paterno, apellido_materno, correo_electronico, contrasena, puntos_acumulados) values ('BIYT021119MZSXFC75', '2009/09/19', 'M', 'Laurel', 'Kuantan', 'Pine View', '73683', '+60 459 930 4700', 'Norton', 'Rosel', 'Tebbutt', 'ntebbutt26@un.org', 'VP44BuKXvt', '020');
insert into cliente (curp_cliente, fecha_de_nacimiento, genero, calle, estado, municipio, codigo_postal, numero, nombre, apellido_paterno, apellido_materno, correo_electronico, contrasena, puntos_acumulados) values ('YWLS121231MZSDJU15', '1940/05/24', 'F', 'Katie', 'Kerbuyan', 'Sunnyside', '75864', '+62 158 249 0158', 'Jenine', 'Scholig', 'Simmon', 'jsimmon27@bing.com', 'Y4SzVShSyxsQ', '576');
insert into cliente (curp_cliente, fecha_de_nacimiento, genero, calle, estado, municipio, codigo_postal, numero, nombre, apellido_paterno, apellido_materno, correo_electronico, contrasena, puntos_acumulados) values ('QWRY820730MZSLZC24', '1937/05/08', 'F', 'Warner', 'Dazuo', 'Merrick', '13559', '+86 770 178 5383', 'Charis', 'Abbotson', 'Monard', 'cmonard28@mapquest.com', 'Y0wW8TvEI', '643');
insert into cliente (curp_cliente, fecha_de_nacimiento, genero, calle, estado, municipio, codigo_postal, numero, nombre, apellido_paterno, apellido_materno, correo_electronico, contrasena, puntos_acumulados) values ('YNEL921231HZSCIR99', '1984/02/07', 'M', 'Cardinal', 'Novi Sad', 'Spenser', '97192', '+381 857 370 0309', 'Travis', 'McVaugh', 'Curbishley', 'tcurbishley29@slashdot.org', 'p6igyNJk10', '619');
insert into cliente (curp_cliente, fecha_de_nacimiento, genero, calle, estado, municipio, codigo_postal, numero, nombre, apellido_paterno, apellido_materno, correo_electronico, contrasena, puntos_acumulados) values ('GAVK321131HZSFKI86', '1957/10/04', 'M', 'Melvin', 'Złoty Stok', 'Menomonie', '89836', '+48 168 782 2853', 'Teddy', 'Danbi', 'Hallock', 'thallock2a@berkeley.edu', 'a44m07oFKvB', '641');
insert into cliente (curp_cliente, fecha_de_nacimiento, genero, calle, estado, municipio, codigo_postal, numero, nombre, apellido_paterno, apellido_materno, correo_electronico, contrasena, puntos_acumulados) values ('ANFL021231HZSFWH34', '2014/12/07', 'F', 'Merchant', 'Tosno', 'Birchwood', '54624', '+7 307 162 5139', 'Ethel', 'Weiner', 'Thurlborn', 'ethurlborn2b@redcross.org', 'ZeLIuax2', '817');
insert into cliente (curp_cliente, fecha_de_nacimiento, genero, calle, estado, municipio, codigo_postal, numero, nombre, apellido_paterno, apellido_materno, correo_electronico, contrasena, puntos_acumulados) values ('AIZY421131HTSJEP90', '1966/10/08', 'F', 'Anthes', 'San Jose', 'Burrows', '63726', '+52 980 419 6460', 'Rosalynd', 'Cathenod', 'Shier', 'rshier2c@zdnet.com', 'KvyR9zRiKq', '498');
insert into cliente (curp_cliente, fecha_de_nacimiento, genero, calle, estado, municipio, codigo_postal, numero, nombre, apellido_paterno, apellido_materno, correo_electronico, contrasena, puntos_acumulados) values ('RZCJ821208MZSBKW13', '1936/10/06', 'M', 'Straubel', 'El Calvario', 'Hovde', '80202', '+52 144 549 2382', 'Kaleb', 'Mugleston', 'Bosma', 'kbosma2d@cam.ac.uk', '0e3fSv', '292');
insert into cliente (curp_cliente, fecha_de_nacimiento, genero, calle, estado, municipio, codigo_postal, numero, nombre, apellido_paterno, apellido_materno, correo_electronico, contrasena, puntos_acumulados) values ('PNGV820231HYNFRT85', '1999/09/24', 'M', 'Sutherland', 'Guandian', 'Bowman', '65748', '+86 488 920 0307', 'Marchall', 'Pepperell', 'Letessier', 'mletessier2e@sfgate.com', 'Ls2jKHMO', '156');
insert into cliente (curp_cliente, fecha_de_nacimiento, genero, calle, estado, municipio, codigo_postal, numero, nombre, apellido_paterno, apellido_materno, correo_electronico, contrasena, puntos_acumulados) values ('FREQ421216HYNROS36', '2002/09/29', 'M', 'Green', 'Necochea', 'Delaware', '42858', '+54 186 147 3451', 'Oates', 'Meas', 'Mazillius', 'omazillius2f@t-online.de', 'G17VIoh', '543');
insert into cliente (curp_cliente, fecha_de_nacimiento, genero, calle, estado, municipio, codigo_postal, numero, nombre, apellido_paterno, apellido_materno, correo_electronico, contrasena, puntos_acumulados) values ('UJMD221219MYNIBN54', '1995/03/10', 'F', 'Artisan', 'Bulalacao', 'Lyons', '84323', '+63 923 548 1605', 'Augusta', 'Butterley', 'Abelevitz', 'aabelevitz2g@nsw.gov.au', 'DvxeG0Jw', '408');
insert into cliente (curp_cliente, fecha_de_nacimiento, genero, calle, estado, municipio, codigo_postal, numero, nombre, apellido_paterno, apellido_materno, correo_electronico, contrasena, puntos_acumulados) values ('ACWQ121200HYNSTB38', '1963/05/04', 'M', 'Rutledge', 'Masape', 'Kipling', '73930', '+62 392 808 4683', 'Quillan', 'Wilkennson', 'Gerrans', 'qgerrans2h@flickr.com', '489a5PvXTktG', '509');
insert into cliente (curp_cliente, fecha_de_nacimiento, genero, calle, estado, municipio, codigo_postal, numero, nombre, apellido_paterno, apellido_materno, correo_electronico, contrasena, puntos_acumulados) values ('TEYX821116HZSDHC89', '1958/05/08', 'M', 'Sundown', 'Jinchuan', 'Oak', '54028', '+86 676 612 1634', 'Olav', 'Franceschino', 'Dinan', 'odinan2i@kickstarter.com', 'JA28Si7DPp2H', '244');
insert into cliente (curp_cliente, fecha_de_nacimiento, genero, calle, estado, municipio, codigo_postal, numero, nombre, apellido_paterno, apellido_materno, correo_electronico, contrasena, puntos_acumulados) values ('VPHT621114HYNLPC29', '1963/11/21', 'F', 'Manitowish', 'Passal', 'Sutteridge', '78425', '+351 622 519 7719', 'Cristen', 'Christoffe', 'Vipan', 'cvipan2j@opera.com', 'AWw8HAn3Np', '865');
insert into cliente (curp_cliente, fecha_de_nacimiento, genero, calle, estado, municipio, codigo_postal, numero, nombre, apellido_paterno, apellido_materno, correo_electronico, contrasena, puntos_acumulados) values ('AIXQ721230MZSZLX30', '1993/09/08', 'F', 'Reindahl', 'Kcynia', 'Ludington', '81909', '+48 394 847 8845', 'Marsha', 'Schoenfisch', 'Basson', 'mbasson2k@miitbeian.gov.cn', 'qX7wuVy', '862');
insert into cliente (curp_cliente, fecha_de_nacimiento, genero, calle, estado, municipio, codigo_postal, numero, nombre, apellido_paterno, apellido_materno, correo_electronico, contrasena, puntos_acumulados) values ('QPHB020831MYNJMS28', '1996/08/27', 'F', 'Scoville', 'Tubigan', 'Graedel', '18653', '+63 191 420 8549', 'Lilli', 'Liddon', 'Touret', 'ltouret2l@stanford.edu', 'ai4vHJQ2rco', '114');
insert into cliente (curp_cliente, fecha_de_nacimiento, genero, calle, estado, municipio, codigo_postal, numero, nombre, apellido_paterno, apellido_materno, correo_electronico, contrasena, puntos_acumulados) values ('FAYL120930HVZUYL36', '1958/01/25', 'F', 'Leroy', 'Bagacay', 'Northland', '85304', '+63 835 985 6838', 'Katherine', 'Sondland', 'Phare', 'kphare2m@barnesandnoble.com', 'cLOSYo', '803');
insert into cliente (curp_cliente, fecha_de_nacimiento, genero, calle, estado, municipio, codigo_postal, numero, nombre, apellido_paterno, apellido_materno, correo_electronico, contrasena, puntos_acumulados) values ('QEMV621231HZSTKI97', '1983/12/05', 'M', 'Riverside', 'Feni', 'Redwing', '96685', '+880 915 182 1303', 'Brook', 'Berzen', 'Freiberg', 'bfreiberg2n@angelfire.com', 'zchOl9zb', '539');
insert into cliente (curp_cliente, fecha_de_nacimiento, genero, calle, estado, municipio, codigo_postal, numero, nombre, apellido_paterno, apellido_materno, correo_electronico, contrasena, puntos_acumulados) values ('NMJV521231HVZWFK73', '2008/05/15', 'F', 'Service', 'Aubervilliers', 'Dawn', '84537', '+33 420 856 1489', 'Edna', 'Slidders', 'Lamyman', 'elamyman2o@unc.edu', 'ldR1dQUCh6oH', '869');
insert into cliente (curp_cliente, fecha_de_nacimiento, genero, calle, estado, municipio, codigo_postal, numero, nombre, apellido_paterno, apellido_materno, correo_electronico, contrasena, puntos_acumulados) values ('LEZO421130MZSQAO81', '1974/10/15', 'F', 'Sunfield', 'Basel', 'Gerald', '88123', '+41 416 623 4055', 'Cathee', 'Ashard', 'Reyne', 'creyne2p@ow.ly', '99X8lUjJ', '490');
insert into cliente (curp_cliente, fecha_de_nacimiento, genero, calle, estado, municipio, codigo_postal, numero, nombre, apellido_paterno, apellido_materno, correo_electronico, contrasena, puntos_acumulados) values ('HAZK721106HVZPRW98', '1936/03/20', 'F', 'Russell', 'Sukamaju', 'Mayer', '08777', '+62 787 425 4030', 'Trixy', 'Stickford', 'Trethewey', 'ttrethewey2q@unc.edu', '4oX1uwAj2rc2', '950');
insert into cliente (curp_cliente, fecha_de_nacimiento, genero, calle, estado, municipio, codigo_postal, numero, nombre, apellido_paterno, apellido_materno, correo_electronico, contrasena, puntos_acumulados) values ('QJMF521030MTSNGV35', '1970/12/13', 'M', 'Gateway', '‘Amd', 'Hazelcrest', '18354', '+967 505 194 4932', 'Dukie', 'Polley', 'Eberts', 'deberts2r@bigcartel.com', 'NYokFpFgidn8', '560');
insert into tarjeta (numero_tarjeta, curp_cliente, vencimiento, tipo_tarjeta) values ('4508625694860316', 'BQSU621230HZSYZE86', '2022/01/20', 'visa-electron');
insert into tarjeta (numero_tarjeta, curp_cliente, vencimiento, tipo_tarjeta) values ('4844432038351281', 'QVIX721231HZSEPS13', '2025/09/11', 'visa-electron');
insert into tarjeta (numero_tarjeta, curp_cliente, vencimiento, tipo_tarjeta) values ('342111552940720', 'XLVS621207HYNQAI50', '2023/06/27', 'americanexpress');
insert into tarjeta (numero_tarjeta, curp_cliente, vencimiento, tipo_tarjeta) values ('5048370779754969', 'DZVT920831MZSHSN66', '2022/07/15', 'mastercard');
insert into tarjeta (numero_tarjeta, curp_cliente, vencimiento, tipo_tarjeta) values ('4041375718192098', 'SFDG021209MTCMPS35', '2023/10/24', 'visa');
insert into tarjeta (numero_tarjeta, curp_cliente, vencimiento, tipo_tarjeta) values ('4405601168747481', 'BKQI921231MZSQDH90', '2024/01/19', 'visa-electron');
insert into tarjeta (numero_tarjeta, curp_cliente, vencimiento, tipo_tarjeta) values ('4844857810015870', 'OAHK020430HVZOXY47', '2024/08/12', 'visa-electron');
insert into tarjeta (numero_tarjeta, curp_cliente, vencimiento, tipo_tarjeta) values ('5048376043136883', 'VUHJ521218HTSQPM17', '2025/05/24', 'mastercard');
insert into tarjeta (numero_tarjeta, curp_cliente, vencimiento, tipo_tarjeta) values ('372301153259827', 'ZGER021130MYNZPB01', '2026/04/24', 'americanexpress');
insert into tarjeta (numero_tarjeta, curp_cliente, vencimiento, tipo_tarjeta) values ('4508959792447894', 'VXSB720530MQRJDY79', '2025/09/18', 'visa-electron');
insert into tarjeta (numero_tarjeta, curp_cliente, vencimiento, tipo_tarjeta) values ('4917060348096007', 'WDCR821200MZSFMO20', '2022/07/21', 'visa-electron');
insert into tarjeta (numero_tarjeta, curp_cliente, vencimiento, tipo_tarjeta) values ('4041591635867303', 'MTHZ221130HYNKUL91', '2026/03/11', 'visa');
insert into tarjeta (numero_tarjeta, curp_cliente, vencimiento, tipo_tarjeta) values ('5551694842506562', 'FNCB421230MZSRZY37', '2026/05/16', 'mastercard');
insert into tarjeta (numero_tarjeta, curp_cliente, vencimiento, tipo_tarjeta) values ('5124459010003901', 'RJFB721030HZSLRE90', '2024/07/03', 'mastercard');
insert into tarjeta (numero_tarjeta, curp_cliente, vencimiento, tipo_tarjeta) values ('4405341635554851', 'NEXP121009HZSNMA83', '2024/05/04', 'visa-electron');
insert into tarjeta (numero_tarjeta, curp_cliente, vencimiento, tipo_tarjeta) values ('5279455398629682', 'BPUX321131MZSJCI32', '2022/03/22', 'mastercard');
insert into tarjeta (numero_tarjeta, curp_cliente, vencimiento, tipo_tarjeta) values ('4041376298157915', 'SIOZ820211HZSVWO60', '2023/11/11', 'visa');
insert into tarjeta (numero_tarjeta, curp_cliente, vencimiento, tipo_tarjeta) values ('4508810418673688', 'NEXK021231MTSFAO31', '2022/11/13', 'visa-electron');
insert into tarjeta (numero_tarjeta, curp_cliente, vencimiento, tipo_tarjeta) values ('4026098283929962', 'MWSX920330MZSBNY45', '2022/07/08', 'visa-electron');
insert into tarjeta (numero_tarjeta, curp_cliente, vencimiento, tipo_tarjeta) values ('5010124384171919', 'JGSZ021231MYNPRW63', '2022/08/25', 'mastercard');
insert into tarjeta (numero_tarjeta, curp_cliente, vencimiento, tipo_tarjeta) values ('5156737200066411', 'IMZO921203MZSVKN50', '2023/07/08', 'mastercard');
insert into tarjeta (numero_tarjeta, curp_cliente, vencimiento, tipo_tarjeta) values ('4041599731619', 'KCUL121131MTSXDZ96', '2023/12/11', 'visa');
insert into tarjeta (numero_tarjeta, curp_cliente, vencimiento, tipo_tarjeta) values ('5100179245337936', 'FZVK621231MYNMLX15', '2024/02/29', 'mastercard');
insert into tarjeta (numero_tarjeta, curp_cliente, vencimiento, tipo_tarjeta) values ('4017957197494', 'DQTJ621130MYNKAW11', '2026/10/05', 'visa');
insert into tarjeta (numero_tarjeta, curp_cliente, vencimiento, tipo_tarjeta) values ('4425762622111', 'QYPE121130HZSCXN48', '2023/09/13', 'visa');
insert into tarjeta (numero_tarjeta, curp_cliente, vencimiento, tipo_tarjeta) values ('4844607510746773', 'UCDG021031HSRMQB67', '2022/02/25', 'visa-electron');
insert into tarjeta (numero_tarjeta, curp_cliente, vencimiento, tipo_tarjeta) values ('5584505447270217', 'BYRX821230HVZJAF46', '2023/06/08', 'mastercard');
insert into tarjeta (numero_tarjeta, curp_cliente, vencimiento, tipo_tarjeta) values ('4041379755432649', 'YXUO121131HZSRJA34', '2026/01/17', 'visa');
insert into tarjeta (numero_tarjeta, curp_cliente, vencimiento, tipo_tarjeta) values ('4017950587238', 'ZJBH021002MYNMER90', '2024/11/07', 'visa');
insert into tarjeta (numero_tarjeta, curp_cliente, vencimiento, tipo_tarjeta) values ('377625734086613', 'LIYN221231HVZJBI91', '2022/08/31', 'americanexpress');
insert into tarjeta (numero_tarjeta, curp_cliente, vencimiento, tipo_tarjeta) values ('4041375954218367', 'CWAE821219HZSWDI94', '2023/01/31', 'visa');
insert into tarjeta (numero_tarjeta, curp_cliente, vencimiento, tipo_tarjeta) values ('4041594779530', 'WATL621110HZSQYV71', '2022/08/04', 'visa');
insert into tarjeta (numero_tarjeta, curp_cliente, vencimiento, tipo_tarjeta) values ('4041379321524721', 'SDTJ121017HZSMOC87', '2023/10/04', 'visa');
insert into tarjeta (numero_tarjeta, curp_cliente, vencimiento, tipo_tarjeta) values ('347322007265077', 'DKSU421031MTCERN70', '2022/07/04', 'americanexpress');
insert into tarjeta (numero_tarjeta, curp_cliente, vencimiento, tipo_tarjeta) values ('4844368574486786', 'XAMK221231HTCNPZ17', '2026/03/30', 'visa-electron');
insert into tarjeta (numero_tarjeta, curp_cliente, vencimiento, tipo_tarjeta) values ('374622784506825', 'AUCL921230MVZNUD55', '2022/11/14', 'americanexpress');
insert into tarjeta (numero_tarjeta, curp_cliente, vencimiento, tipo_tarjeta) values ('337941191996221', 'ORDP221131HYNMUR41', '2026/07/11', 'americanexpress');
insert into tarjeta (numero_tarjeta, curp_cliente, vencimiento, tipo_tarjeta) values ('4041372126615', 'JBTK421230MYNHNP33', '2023/08/17', 'visa');
insert into tarjeta (numero_tarjeta, curp_cliente, vencimiento, tipo_tarjeta) values ('5100141366264380', 'AMHJ721118MZSJVZ31', '2025/09/13', 'mastercard');
insert into tarjeta (numero_tarjeta, curp_cliente, vencimiento, tipo_tarjeta) values ('5100174073481914', 'RIDK320330MVZNWZ47', '2024/08/18', 'mastercard');
insert into tarjeta (numero_tarjeta, curp_cliente, vencimiento, tipo_tarjeta) values ('374288517870357', 'MDZP621231HZSTXU76', '2022/12/25', 'americanexpress');
insert into tarjeta (numero_tarjeta, curp_cliente, vencimiento, tipo_tarjeta) values ('4175001123073248', 'AJHT421231HTCVYC84', '2025/06/20', 'visa-electron');
insert into tarjeta (numero_tarjeta, curp_cliente, vencimiento, tipo_tarjeta) values ('4175005102092285', 'NLYP821202MZSPNS93', '2025/03/13', 'visa-electron');
insert into tarjeta (numero_tarjeta, curp_cliente, vencimiento, tipo_tarjeta) values ('374283999550924', 'XVQK421131HZSZUX96', '2022/01/13', 'americanexpress');
insert into tarjeta (numero_tarjeta, curp_cliente, vencimiento, tipo_tarjeta) values ('5347718622616322', 'GCKX421131HYNFWM60', '2023/01/02', 'mastercard');
insert into tarjeta (numero_tarjeta, curp_cliente, vencimiento, tipo_tarjeta) values ('4917632710561006', 'LVBZ021231HVZGVI39', '2026/07/21', 'visa-electron');
insert into tarjeta (numero_tarjeta, curp_cliente, vencimiento, tipo_tarjeta) values ('374288204283633', 'CINT721231HQRYFL45', '2025/01/12', 'americanexpress');
insert into tarjeta (numero_tarjeta, curp_cliente, vencimiento, tipo_tarjeta) values ('5595781749776915', 'JECA921119HZSMUS14', '2022/10/07', 'mastercard');
insert into tarjeta (numero_tarjeta, curp_cliente, vencimiento, tipo_tarjeta) values ('374283966312431', 'YRSM021230MZSFPM26', '2023/08/17', 'americanexpress');
insert into tarjeta (numero_tarjeta, curp_cliente, vencimiento, tipo_tarjeta) values ('377605666058566', 'XSKM221231HSPCBQ98', '2022/05/17', 'americanexpress');
insert into tarjeta (numero_tarjeta, curp_cliente, vencimiento, tipo_tarjeta) values ('376260720439070', 'TFIW221130HTSMNE66', '2024/12/06', 'americanexpress');
insert into tarjeta (numero_tarjeta, curp_cliente, vencimiento, tipo_tarjeta) values ('4041373844910822', 'WMFE221230MZSJPF40', '2026/05/17', 'visa');
insert into tarjeta (numero_tarjeta, curp_cliente, vencimiento, tipo_tarjeta) values ('374283790092803', 'SYMT520230MZSRNX14', '2022/07/26', 'americanexpress');
insert into tarjeta (numero_tarjeta, curp_cliente, vencimiento, tipo_tarjeta) values ('5100179342704822', 'UOBN321219MZSZTC31', '2023/07/26', 'mastercard');
insert into tarjeta (numero_tarjeta, curp_cliente, vencimiento, tipo_tarjeta) values ('5174733939072075', 'RMCA321214HZSLCP73', '2024/10/17', 'mastercard');
insert into tarjeta (numero_tarjeta, curp_cliente, vencimiento, tipo_tarjeta) values ('5233341474461122', 'RKTB521231HYNWST83', '2025/01/18', 'mastercard');
insert into tarjeta (numero_tarjeta, curp_cliente, vencimiento, tipo_tarjeta) values ('346200233212553', 'DOYT021231HYNVKP51', '2023/08/15', 'americanexpress');
insert into tarjeta (numero_tarjeta, curp_cliente, vencimiento, tipo_tarjeta) values ('5100148208490289', 'IVNM221030HYNRHP18', '2022/05/08', 'mastercard');
insert into tarjeta (numero_tarjeta, curp_cliente, vencimiento, tipo_tarjeta) values ('4917055532199682', 'QJUC821231MYNMEP18', '2022/04/02', 'visa-electron');
insert into tarjeta (numero_tarjeta, curp_cliente, vencimiento, tipo_tarjeta) values ('4844802269133675', 'YJIE921231HYNIUR87', '2026/10/19', 'visa-electron');
insert into tarjeta (numero_tarjeta, curp_cliente, vencimiento, tipo_tarjeta) values ('4041597631503024', 'KOLT621231HZSXZG27', '2024/09/08', 'visa');
insert into tarjeta (numero_tarjeta, curp_cliente, vencimiento, tipo_tarjeta) values ('4026224062977085', 'KVZC021130MZSNMX15', '2025/12/01', 'visa-electron');
insert into tarjeta (numero_tarjeta, curp_cliente, vencimiento, tipo_tarjeta) values ('4041596847947', 'PDRN021130HYNANR07', '2023/05/16', 'visa');
insert into tarjeta (numero_tarjeta, curp_cliente, vencimiento, tipo_tarjeta) values ('5137381717813793', 'BYVZ521006MVZZLB61', '2023/11/19', 'mastercard');
insert into tarjeta (numero_tarjeta, curp_cliente, vencimiento, tipo_tarjeta) values ('4508434493345748', 'LFXW921231MTCEFU02', '2022/11/06', 'visa-electron');
insert into tarjeta (numero_tarjeta, curp_cliente, vencimiento, tipo_tarjeta) values ('4026885366268866', 'OMKU821231MZSPXD99', '2022/11/23', 'visa-electron');
insert into tarjeta (numero_tarjeta, curp_cliente, vencimiento, tipo_tarjeta) values ('375101342747105', 'OJWP421231MZSXRB66', '2025/01/29', 'americanexpress');
insert into tarjeta (numero_tarjeta, curp_cliente, vencimiento, tipo_tarjeta) values ('372301771964774', 'HAMJ620030MTCWRO35', '2026/05/11', 'americanexpress');
insert into tarjeta (numero_tarjeta, curp_cliente, vencimiento, tipo_tarjeta) values ('5201327724131159', 'QWSJ020831HTSFGN60', '2023/07/15', 'mastercard');
insert into tarjeta (numero_tarjeta, curp_cliente, vencimiento, tipo_tarjeta) values ('5266385641952588', 'UICW320504MVZSXV86', '2023/08/01', 'mastercard');
insert into tarjeta (numero_tarjeta, curp_cliente, vencimiento, tipo_tarjeta) values ('4026891827358015', 'MXPC921231MZSHRN21', '2025/04/08', 'visa-electron');
insert into tarjeta (numero_tarjeta, curp_cliente, vencimiento, tipo_tarjeta) values ('4844790834802272', 'ZUBQ321212MTSPNQ59', '2024/09/14', 'visa-electron');
insert into tarjeta (numero_tarjeta, curp_cliente, vencimiento, tipo_tarjeta) values ('4041592421101', 'UQRB921206MZSKAP63', '2022/03/27', 'visa');
insert into tarjeta (numero_tarjeta, curp_cliente, vencimiento, tipo_tarjeta) values ('4041370476421417', 'XLKW021131HZSEFB58', '2023/11/10', 'visa');
insert into tarjeta (numero_tarjeta, curp_cliente, vencimiento, tipo_tarjeta) values ('4913485680255974', 'KILR221230HZSODB67', '2023/08/14', 'visa-electron');
insert into tarjeta (numero_tarjeta, curp_cliente, vencimiento, tipo_tarjeta) values ('4343331604678', 'XWZB421231HYNLAZ87', '2026/07/31', 'visa');
insert into tarjeta (numero_tarjeta, curp_cliente, vencimiento, tipo_tarjeta) values ('4913451838054750', 'AKQB021131HTSHVN66', '2022/08/11', 'visa-electron');
insert into tarjeta (numero_tarjeta, curp_cliente, vencimiento, tipo_tarjeta) values ('377999129227359', 'MFOK021100MZSLEK39', '2024/07/29', 'americanexpress');
insert into tarjeta (numero_tarjeta, curp_cliente, vencimiento, tipo_tarjeta) values ('4026558976054394', 'BIYT021119MZSXFC75', '2025/03/10', 'visa-electron');
insert into tarjeta (numero_tarjeta, curp_cliente, vencimiento, tipo_tarjeta) values ('4041372138448903', 'YWLS121231MZSDJU15', '2024/06/26', 'visa');
insert into tarjeta (numero_tarjeta, curp_cliente, vencimiento, tipo_tarjeta) values ('5100170635179244', 'QWRY820730MZSLZC24', '2026/04/21', 'mastercard');
insert into tarjeta (numero_tarjeta, curp_cliente, vencimiento, tipo_tarjeta) values ('4041370236473', 'YNEL921231HZSCIR99', '2025/10/08', 'visa');
insert into tarjeta (numero_tarjeta, curp_cliente, vencimiento, tipo_tarjeta) values ('374622635966582', 'GAVK321131HZSFKI86', '2026/07/01', 'americanexpress');
insert into tarjeta (numero_tarjeta, curp_cliente, vencimiento, tipo_tarjeta) values ('4041596362368', 'ANFL021231HZSFWH34', '2026/04/26', 'visa');
insert into tarjeta (numero_tarjeta, curp_cliente, vencimiento, tipo_tarjeta) values ('372301005195005', 'AIZY421131HTSJEP90', '2023/10/07', 'americanexpress');
insert into tarjeta (numero_tarjeta, curp_cliente, vencimiento, tipo_tarjeta) values ('5143125512439573', 'RZCJ821208MZSBKW13', '2023/06/06', 'mastercard');
insert into tarjeta (numero_tarjeta, curp_cliente, vencimiento, tipo_tarjeta) values ('340712492121073', 'PNGV820231HYNFRT85', '2025/08/25', 'americanexpress');
insert into tarjeta (numero_tarjeta, curp_cliente, vencimiento, tipo_tarjeta) values ('374288875507161', 'FREQ421216HYNROS36', '2024/03/08', 'americanexpress');
insert into tarjeta (numero_tarjeta, curp_cliente, vencimiento, tipo_tarjeta) values ('372301199797913', 'UJMD221219MYNIBN54', '2025/01/30', 'americanexpress');
insert into tarjeta (numero_tarjeta, curp_cliente, vencimiento, tipo_tarjeta) values ('4041599524764093', 'ACWQ121200HYNSTB38', '2026/07/18', 'visa');
insert into tarjeta (numero_tarjeta, curp_cliente, vencimiento, tipo_tarjeta) values ('4508447740564515', 'TEYX821116HZSDHC89', '2022/07/02', 'visa-electron');
insert into tarjeta (numero_tarjeta, curp_cliente, vencimiento, tipo_tarjeta) values ('337941579187864', 'VPHT621114HYNLPC29', '2025/07/27', 'americanexpress');
insert into tarjeta (numero_tarjeta, curp_cliente, vencimiento, tipo_tarjeta) values ('5231364763977295', 'AIXQ721230MZSZLX30', '2026/04/04', 'mastercard');
insert into tarjeta (numero_tarjeta, curp_cliente, vencimiento, tipo_tarjeta) values ('372301608238087', 'QPHB020831MYNJMS28', '2025/07/08', 'americanexpress');
insert into tarjeta (numero_tarjeta, curp_cliente, vencimiento, tipo_tarjeta) values ('4041371868845', 'FAYL120930HVZUYL36', '2023/11/21', 'visa');
insert into tarjeta (numero_tarjeta, curp_cliente, vencimiento, tipo_tarjeta) values ('4175007067725032', 'QEMV621231HZSTKI97', '2024/02/20', 'visa-electron');
insert into tarjeta (numero_tarjeta, curp_cliente, vencimiento, tipo_tarjeta) values ('374288926232454', 'NMJV521231HVZWFK73', '2022/11/27', 'americanexpress');
insert into tarjeta (numero_tarjeta, curp_cliente, vencimiento, tipo_tarjeta) values ('4026198583958107', 'LEZO421130MZSQAO81', '2022/07/26', 'visa-electron');
insert into tarjeta (numero_tarjeta, curp_cliente, vencimiento, tipo_tarjeta) values ('5108754270692595', 'HAZK721106HVZPRW98', '2022/10/15', 'mastercard');
insert into tarjeta (numero_tarjeta, curp_cliente, vencimiento, tipo_tarjeta) values ('4041375838133', 'QJMF521030MTSNGV35', '2025/01/29', 'visa');
insert into proveedor (rfc, razon_social, calle, estado, municipio, numero, codigo_postal) values ('FUX9208696E4', 'Brainlounge', 'Cordelia', 'Mabay', 'Judy', '+63 830 159 2487', 31770);
insert into proveedor (rfc, razon_social, calle, estado, municipio, numero, codigo_postal) values ('YVL6838379V4', 'Vitz', 'International', 'Daixi', 'Moose', '+86 813 736 3186', 59273);
insert into proveedor (rfc, razon_social, calle, estado, municipio, numero, codigo_postal) values ('EBQ1802015W1', 'Brainbox', 'Melby', 'Puerto de Nutrias', 'Rusk', '+58 993 974 5163', 10163);
insert into proveedor (rfc, razon_social, calle, estado, municipio, numero, codigo_postal) values ('MWU0359284P1', 'Meetz', 'Gateway', 'Puerto San José', 'Birchwood', '+502 468 683 0973', 90165);
insert into proveedor (rfc, razon_social, calle, estado, municipio, numero, codigo_postal) values ('MFC3732655J6', 'Janyx', 'Old Shore', 'Huayllabamba', 'Ramsey', '+51 912 294 7202', 58844);
insert into proveedor (rfc, razon_social, calle, estado, municipio, numero, codigo_postal) values ('GJP1828286O6', 'Divanoodle', 'Lunder', 'Chenxikou', 'Scott', '+86 740 790 9462', 66409);
insert into proveedor (rfc, razon_social, calle, estado, municipio, numero, codigo_postal) values ('BAX2265521H9', 'Kwilith', 'Dorton', 'Balagon', 'Homewood', '+63 308 740 9087', 94533);
insert into proveedor (rfc, razon_social, calle, estado, municipio, numero, codigo_postal) values ('QVY1383839L4', 'Demizz', '7th', 'Kloulklubed', 'Susan', '+680 288 601 0998', 33583);
insert into proveedor (rfc, razon_social, calle, estado, municipio, numero, codigo_postal) values ('VTR1231299B7', 'Vitz', 'Delladonna', 'Nashville', 'West', '+1 615 564 8428', 60836);
insert into proveedor (rfc, razon_social, calle, estado, municipio, numero, codigo_postal) values ('ESY7813043D1', 'Tagfeed', 'Oxford', 'Lyon', 'Columbus', '+33 768 899 1254', 62616);
insert into proveedor (rfc, razon_social, calle, estado, municipio, numero, codigo_postal) values ('ARD6570017Z2', 'Camido', 'Russell', 'Vyazniki', 'Susan', '+7 192 257 0373', 18175);
insert into proveedor (rfc, razon_social, calle, estado, municipio, numero, codigo_postal) values ('VZS9154210O6', 'Jabbersphere', 'Gulseth', 'Sumberwaru', 'Clarendon', '+62 697 284 7065', 76380);
insert into proveedor (rfc, razon_social, calle, estado, municipio, numero, codigo_postal) values ('ZIR7857848S2', 'Photojam', 'Pearson', 'Zhangjiaji', 'Farmco', '+86 636 628 1638', '02685');
insert into proveedor (rfc, razon_social, calle, estado, municipio, numero, codigo_postal) values ('NWM7043378W7', 'Divape', 'Summer Ridge', 'Shaogongzhuang', 'Reindahl', '+86 617 926 3298', '77479');
insert into proveedor (rfc, razon_social, calle, estado, municipio, numero, codigo_postal) values ('VHF4469312W8', 'Mybuzz', 'Steensland', 'Obando', 'Golf', '+57 402 679 6828', '89481');
insert into proveedor (rfc, razon_social, calle, estado, municipio, numero, codigo_postal) values ('QAK1470371B1', 'Babbleblab', 'Summer Ridge', 'Futang', 'Lerdahl', '+86 472 995 3724', '50965');
insert into proveedor (rfc, razon_social, calle, estado, municipio, numero, codigo_postal) values ('XVN7961521O2', 'Snaptags', 'Nobel', 'Esperanza', 'Monica', '+63 906 438 3810', '06664');
insert into proveedor (rfc, razon_social, calle, estado, municipio, numero, codigo_postal) values ('AFU8157150U2', 'Livepath', 'Tennessee', 'Qijiawan', 'Pennsylvania', '+86 536 909 9079', '19738');
insert into proveedor (rfc, razon_social, calle, estado, municipio, numero, codigo_postal) values ('WFT4355283K2', 'Janyx', 'Northview', 'Jiaoshi', 'Farwell', '+86 122 569 4915', '75588');
insert into proveedor (rfc, razon_social, calle, estado, municipio, numero, codigo_postal) values ('MHU2422099A5', 'Skyndu', 'Meadow Vale', 'Zaraza', 'Westerfield', '+58 889 357 5552', '27624');
insert into proveedor (rfc, razon_social, calle, estado, municipio, numero, codigo_postal) values ('XRI5068062M2', 'Wikibox', 'Sherman', 'Chornukhyne', 'Bobwhite', '+380 541 366 4874', '64869');
insert into proveedor (rfc, razon_social, calle, estado, municipio, numero, codigo_postal) values ('GJS6930592L6', 'Muxo', 'Rusk', 'Valencia', 'Charing Cross', '+63 229 800 5460', '04032');
insert into proveedor (rfc, razon_social, calle, estado, municipio, numero, codigo_postal) values ('NYD9834038C9', 'Jabbertype', 'Grim', 'Garwolin', 'Tennyson', '+48 947 739 6209', '78494');
insert into proveedor (rfc, razon_social, calle, estado, municipio, numero, codigo_postal) values ('GRH4220527S0', 'Jetwire', 'Shasta', 'Taokeng', 'Shelley', '+86 865 327 7609', '37191');
insert into proveedor (rfc, razon_social, calle, estado, municipio, numero, codigo_postal) values ('TLZ1633217C2', 'Zoomlounge', 'Toban', 'Cúcuta', 'Kedzie', '+57 115 859 8873', '78839');
insert into proveedor (rfc, razon_social, calle, estado, municipio, numero, codigo_postal) values ('GPV9625363I3', 'Quatz', 'Carberry', 'Bagangan', 'Namekagon', '+62 721 685 7895', '62082');
insert into proveedor (rfc, razon_social, calle, estado, municipio, numero, codigo_postal) values ('ERA0843476Z1', 'Gigaclub', 'Spaight', 'Megion', 'Nelson', '+7 804 245 5952', '67652');
insert into proveedor (rfc, razon_social, calle, estado, municipio, numero, codigo_postal) values ('APF7360904U7', 'Voomm', 'Linden', 'Phra Pradaeng', 'Northwestern', '+66 901 657 2021', '81394');
insert into proveedor (rfc, razon_social, calle, estado, municipio, numero, codigo_postal) values ('PQW5770505B3', 'Yodoo', 'Duke', 'Ikaalinen', 'Tony', '+358 545 146 4710', '70416');
insert into proveedor (rfc, razon_social, calle, estado, municipio, numero, codigo_postal) values ('PSY0448243N1', 'Twiyo', 'Gale', 'Changleng', 'Jackson', '+86 168 381 2772', '86340');
insert into proveedor (rfc, razon_social, calle, estado, municipio, numero, codigo_postal) values ('JOU3289230V5', 'Kanoodle', 'Dennis', 'Perdões', 'Artisan', '+55 797 151 7871', '73762');
insert into proveedor (rfc, razon_social, calle, estado, municipio, numero, codigo_postal) values ('YSU9460957N2', 'Innojam', 'Monica', 'Vogar', 'Nelson', '+354 531 595 8374', '63320');
insert into proveedor (rfc, razon_social, calle, estado, municipio, numero, codigo_postal) values ('KRQ4231425I4', 'Flashdog', 'Fordem', 'Tecpán Guatemala', 'Prairieview', '+502 319 130 0572', '00394');
insert into proveedor (rfc, razon_social, calle, estado, municipio, numero, codigo_postal) values ('ARX7793936N4', 'Jetwire', 'Steensland', 'Miaofengshan', 'Meadow Ridge', '+86 554 809 3054', '87153');
insert into proveedor (rfc, razon_social, calle, estado, municipio, numero, codigo_postal) values ('XTN8437327F9', 'Chatterpoint', 'Toban', 'Novopavlovsk', 'Commercial', '+7 325 133 9210', '40747');
insert into proveedor (rfc, razon_social, calle, estado, municipio, numero, codigo_postal) values ('SEZ8581627H3', 'Trunyx', 'Oak', 'Vavozh', 'Butterfield', '+7 394 139 1273', '10352');
insert into proveedor (rfc, razon_social, calle, estado, municipio, numero, codigo_postal) values ('GQU2974271O6', 'Skiptube', 'Sauthoff', 'Boissy-Saint-Léger', 'Forest', '+33 915 491 4297', '59895');
insert into proveedor (rfc, razon_social, calle, estado, municipio, numero, codigo_postal) values ('AOL0029793I0', 'Zooxo', 'Gale', 'Loangmaka', 'Talmadge', '+62 773 876 8907', '97302');
insert into proveedor (rfc, razon_social, calle, estado, municipio, numero, codigo_postal) values ('SON3505576V8', 'Brainsphere', 'Morning', 'Yashiro', 'Merchant', '+81 165 971 7235', '55342');
insert into proveedor (rfc, razon_social, calle, estado, municipio, numero, codigo_postal) values ('DGS2734704H3', 'Omba', 'American', 'Hostomice', 'Evergreen', '+420 495 647 5511', '01645');
insert into proveedor (rfc, razon_social, calle, estado, municipio, numero, codigo_postal) values ('UBC8404202N0', 'Edgepulse', 'Crownhardt', 'Zvenyhorodka', 'Westend', '+380 914 242 7858', '52131');
insert into proveedor (rfc, razon_social, calle, estado, municipio, numero, codigo_postal) values ('PMZ4523957J8', 'Riffpath', 'Maywood', 'Bayanhongor', 'Grasskamp', '+976 618 528 8055', '24296');
insert into proveedor (rfc, razon_social, calle, estado, municipio, numero, codigo_postal) values ('CBX9882854O4', 'Yakitri', 'Rowland', 'Navashino', 'Red Cloud', '+7 597 524 2411', '14090');
insert into proveedor (rfc, razon_social, calle, estado, municipio, numero, codigo_postal) values ('LST7353853Y8', 'Linklinks', 'Raven', 'Causwagan', 'Ridge Oak', '+63 317 120 4758', '30701');
insert into proveedor (rfc, razon_social, calle, estado, municipio, numero, codigo_postal) values ('FTL8401620E6', 'Twitterworks', 'Cherokee', 'Chaman', 'Miller', '+92 271 530 7097', '11221');
insert into proveedor (rfc, razon_social, calle, estado, municipio, numero, codigo_postal) values ('YQR2912354H7', 'Eazzy', 'Mandrake', 'Lancar', 'Scott', '+62 944 301 5796', '58342');
insert into proveedor (rfc, razon_social, calle, estado, municipio, numero, codigo_postal) values ('JIF4778370F6', 'Feednation', 'Elgar', 'Karítsa', 'Blackbird', '+30 220 889 2781', '58011');
insert into proveedor (rfc, razon_social, calle, estado, municipio, numero, codigo_postal) values ('IWA8534429Z3', 'Mymm', 'Forest', 'Venilale', 'Union', '+670 820 994 6502', '33304');
insert into proveedor (rfc, razon_social, calle, estado, municipio, numero, codigo_postal) values ('KRY6311889H6', 'Photolist', 'Mendota', 'Kombolcha', 'Sommers', '+251 910 339 7121', '51230');
insert into proveedor (rfc, razon_social, calle, estado, municipio, numero, codigo_postal) values ('WQJ4925580U9', 'Tagchat', 'Bartillon', 'Xin’an', 'Hauk', '+86 608 486 9311', '94982');
insert into proveedor (rfc, razon_social, calle, estado, municipio, numero, codigo_postal) values ('VEM3143653I4', 'Meedoo', 'Sugar', 'Santa Catalina', 'Reinke', '+63 264 538 3183', '89824');
insert into proveedor (rfc, razon_social, calle, estado, municipio, numero, codigo_postal) values ('WQL8255002N5', 'Ozu', 'Graceland', 'Glatik', 'Springs', '+62 439 378 8155', '47968');
insert into proveedor (rfc, razon_social, calle, estado, municipio, numero, codigo_postal) values ('LHG2187668U2', 'Jabbersphere', 'Stoughton', 'Mariel', 'Toban', '+53 965 872 5658', '01959');
insert into proveedor (rfc, razon_social, calle, estado, municipio, numero, codigo_postal) values ('JBU2902373U5', 'Gabtune', 'Milwaukee', 'Nandasmo', 'Logan', '+505 893 171 4922', '40836');
insert into proveedor (rfc, razon_social, calle, estado, municipio, numero, codigo_postal) values ('WCM8387908I4', 'Plambee', 'Lakewood', 'Shanlian', 'Boyd', '+86 570 684 7629', '72755');
insert into proveedor (rfc, razon_social, calle, estado, municipio, numero, codigo_postal) values ('CMB7751530I7', 'Roodel', 'Lakewood', 'Mariposa', 'Buell', '+51 873 680 5685', '31679');
insert into proveedor (rfc, razon_social, calle, estado, municipio, numero, codigo_postal) values ('ZFC2104935A5', 'Vinder', 'Cambridge', 'Hinapalanan', 'Larry', '+63 236 975 5457', '01904');
insert into proveedor (rfc, razon_social, calle, estado, municipio, numero, codigo_postal) values ('XCL2399429X3', 'Feednation', 'Parkside', 'Kolyshley', 'Main', '+7 844 104 2421', '42584');
insert into proveedor (rfc, razon_social, calle, estado, municipio, numero, codigo_postal) values ('MID8441823C9', 'Browsetype', 'Village', 'Seget', 'Westerfield', '+62 754 911 5175', '03103');
insert into proveedor (rfc, razon_social, calle, estado, municipio, numero, codigo_postal) values ('LQG6978588H4', 'Quire', 'Blaine', 'Muranovo', 'Miller', '+7 924 590 4969', '20031');
insert into proveedor (rfc, razon_social, calle, estado, municipio, numero, codigo_postal) values ('KAD6085355R3', 'Lazzy', 'Express', 'Cortinhas', 'Oneill', '+351 899 129 2133', '01426');
insert into proveedor (rfc, razon_social, calle, estado, municipio, numero, codigo_postal) values ('NHZ2980431N1', 'Edgetag', 'Hauk', 'Belogorskīy', 'Armistice', '+7 607 951 2591', '58801');
insert into proveedor (rfc, razon_social, calle, estado, municipio, numero, codigo_postal) values ('OKG0868834J4', 'Shuffletag', 'Veith', 'Catolé do Rocha', 'Parkside', '+55 222 741 7881', '75317');
insert into proveedor (rfc, razon_social, calle, estado, municipio, numero, codigo_postal) values ('CFU8996428D2', 'Wordify', 'Continental', 'Tanjungsari Barat', 'Rockefeller', '+62 312 503 8982', '56040');
insert into proveedor (rfc, razon_social, calle, estado, municipio, numero, codigo_postal) values ('JLX6790211M5', 'Mita', 'Hollow Ridge', 'Carmen de Viboral', 'Union', '+57 650 490 6317', '25378');
insert into proveedor (rfc, razon_social, calle, estado, municipio, numero, codigo_postal) values ('LRC9071138L4', 'Midel', 'Miller', 'Veltruby', 'Hanson', '+420 605 392 8932', '33395');
insert into proveedor (rfc, razon_social, calle, estado, municipio, numero, codigo_postal) values ('AHI4800399G2', 'Kare', 'Tennessee', 'Tagnanan', 'Rockefeller', '+63 214 780 2740', '52348');
insert into proveedor (rfc, razon_social, calle, estado, municipio, numero, codigo_postal) values ('BZE6055622G4', 'Nlounge', 'Colorado', 'Pasatan', 'Coolidge', '+62 518 901 3977', '56652');
insert into proveedor (rfc, razon_social, calle, estado, municipio, numero, codigo_postal) values ('RUS0666513C3', 'Devshare', 'Crescent Oaks', 'Nagcarlan', 'Sheridan', '+63 246 214 3414', '69002');
insert into proveedor (rfc, razon_social, calle, estado, municipio, numero, codigo_postal) values ('NZK6863279T4', 'Pixoboo', 'Almo', 'Sufang', 'Harper', '+86 368 458 9393', '52748');
insert into proveedor (rfc, razon_social, calle, estado, municipio, numero, codigo_postal) values ('STN5257401F7', 'Ainyx', 'Sunfield', 'Tembongraja', 'Corscot', '+62 677 397 8086', '63837');
insert into proveedor (rfc, razon_social, calle, estado, municipio, numero, codigo_postal) values ('XKB3715752V1', 'Topicblab', 'Bayside', 'Sollefteå', 'Sunbrook', '+46 384 210 9751', '49002');
insert into proveedor (rfc, razon_social, calle, estado, municipio, numero, codigo_postal) values ('UFS8927463S1', 'Topdrive', 'Vahlen', 'Monte Santo de Minas', 'Lake View', '+55 156 661 0236', '72475');
insert into proveedor (rfc, razon_social, calle, estado, municipio, numero, codigo_postal) values ('VHN9709617O2', 'Meedoo', 'Claremont', 'Yanwukou', 'Logan', '+86 473 677 7473', '91658');
insert into proveedor (rfc, razon_social, calle, estado, municipio, numero, codigo_postal) values ('CGQ9212689B4', 'Shuffledrive', 'Farwell', 'Wisła', 'High Crossing', '+48 621 328 6276', '80443');
insert into proveedor (rfc, razon_social, calle, estado, municipio, numero, codigo_postal) values ('REB0944002Y0', 'Mynte', 'Shelley', 'Shatian', 'Pierstorff', '+86 667 853 9422', '28483');
insert into proveedor (rfc, razon_social, calle, estado, municipio, numero, codigo_postal) values ('FHQ3620953U4', 'Agivu', 'Clyde Gallagher', 'Itapipoca', 'Ohio', '+55 234 706 9431', '66836');
insert into proveedor (rfc, razon_social, calle, estado, municipio, numero, codigo_postal) values ('HNW6639012X2', 'Mynte', 'Red Cloud', 'Campo Largo', 'Derek', '+55 181 689 7174', '06417');
insert into proveedor (rfc, razon_social, calle, estado, municipio, numero, codigo_postal) values ('ERX4627986V1', 'Centizu', 'Oakridge', 'Ibara', 'Nelson', '+81 155 781 1197', '24803');
insert into proveedor (rfc, razon_social, calle, estado, municipio, numero, codigo_postal) values ('QKE9621653U9', 'Topicshots', 'Fisk', 'Burgos', 'Lakewood Gardens', '+63 303 576 0135', '30341');
insert into proveedor (rfc, razon_social, calle, estado, municipio, numero, codigo_postal) values ('GZY7553784U3', 'Mita', 'Rieder', 'Weitang', 'Green', '+86 434 437 3412', '42012');
insert into proveedor (rfc, razon_social, calle, estado, municipio, numero, codigo_postal) values ('BMR2041992V3', 'Thoughtmix', 'Muir', 'Borovoy', 'Starling', '+7 129 907 3849', '05280');
insert into proveedor (rfc, razon_social, calle, estado, municipio, numero, codigo_postal) values ('ZWO6077314O0', 'Gabcube', 'Lakewood Gardens', 'Bolondrón', 'Spohn', '+53 441 896 2812', '77300');
insert into proveedor (rfc, razon_social, calle, estado, municipio, numero, codigo_postal) values ('IRQ6002374B4', 'Youbridge', 'Veith', 'Kawaguchi', 'Harbort', '+81 995 810 5859', '71007');
insert into proveedor (rfc, razon_social, calle, estado, municipio, numero, codigo_postal) values ('MWP5979298R8', 'Fatz', 'American Ash', 'Selenicë', 'Sunnyside', '+355 775 742 2728', '71909');
insert into proveedor (rfc, razon_social, calle, estado, municipio, numero, codigo_postal) values ('IVB5504507M2', 'Demizz', 'Shelley', 'Guarumal', 'Pierstorff', '+507 440 829 9776', '88819');
insert into proveedor (rfc, razon_social, calle, estado, municipio, numero, codigo_postal) values ('ALZ7388404U0', 'Voomm', 'Express', 'Bambakashat', 'Glacier Hill', '+374 732 696 2826', '92697');
insert into proveedor (rfc, razon_social, calle, estado, municipio, numero, codigo_postal) values ('GBP2255776Z6', 'Eazzy', 'Carpenter', 'Dahe', 'Nelson', '+86 173 858 6507', '73884');
insert into proveedor (rfc, razon_social, calle, estado, municipio, numero, codigo_postal) values ('EPO8096754X8', 'Einti', 'Corscot', 'Monteiro', 'Eastlawn', '+55 178 679 5778', '82016');
insert into proveedor (rfc, razon_social, calle, estado, municipio, numero, codigo_postal) values ('BXH0482777Y0', 'Thoughtstorm', 'Hazelcrest', 'Chat Trakan', 'Eliot', '+66 413 836 7814', '32379');
insert into proveedor (rfc, razon_social, calle, estado, municipio, numero, codigo_postal) values ('WRO5005698A1', 'Trunyx', 'Muir', 'Gaocang', 'New Castle', '+86 232 786 7888', '28316');
insert into proveedor (rfc, razon_social, calle, estado, municipio, numero, codigo_postal) values ('YLO0018575H0', 'Fiveclub', 'Del Sol', 'Hamburg Sankt Pauli', 'Moose', '+49 200 726 9575', '79101');
insert into proveedor (rfc, razon_social, calle, estado, municipio, numero, codigo_postal) values ('WFN7576552I5', 'Mudo', 'Reindahl', 'Zhendong', 'Vidon', '+86 891 884 2672', '06078');
insert into proveedor (rfc, razon_social, calle, estado, municipio, numero, codigo_postal) values ('GAO0214538I7', 'Riffpedia', 'Ilene', 'Aranyaprathet', 'Golf', '+66 847 418 5013', '80994');
insert into proveedor (rfc, razon_social, calle, estado, municipio, numero, codigo_postal) values ('YPX5768278E2', 'Livepath', 'Nelson', 'Póvoa', 'Vahlen', '+351 147 630 9703', '14340');
insert into proveedor (rfc, razon_social, calle, estado, municipio, numero, codigo_postal) values ('NSI8863789J0', 'Browseblab', 'Coolidge', 'Malichang', 'Meadow Valley', '+86 592 394 4904', '66493');
insert into proveedor (rfc, razon_social, calle, estado, municipio, numero, codigo_postal) values ('RVO1574724Y9', 'Topicware', 'Memorial', 'Krian', 'Fisk', '+62 823 495 4101', '09668');
insert into proveedor (rfc, razon_social, calle, estado, municipio, numero, codigo_postal) values ('DOM2664988P7', 'Zoozzy', 'Russell', 'Sankt Andrä-Höch', 'Glendale', '+43 652 917 6486', '75146');
insert into proveedor (rfc, razon_social, calle, estado, municipio, numero, codigo_postal) values ('AMJ1302205K8', 'Eare', 'Lake View', 'Lingcheng', 'Hoard', '+86 654 682 3434', '91953');
insert into proveedor (rfc, razon_social, calle, estado, municipio, numero, codigo_postal) values ('HWF8680539Q0', 'Blogpad', 'Magdeline', 'Mawang', 'Glendale', '+86 443 565 3778', '26159');
insert into categoria (id_categoria, descripcion, nombre, cantidad_de_productos) values (1, 'Wiberg Super Cure', 'MIRALAC ANTACID', '6481');
insert into categoria (id_categoria, descripcion, nombre, cantidad_de_productos) values (2, 'Wasabi Paste', 'Ropinirole', '1600');
insert into categoria (id_categoria, descripcion, nombre, cantidad_de_productos) values (3, 'Bread Crumbs - Japanese Style', 'ShopRite Allergy', '6477');
insert into categoria (id_categoria, descripcion, nombre, cantidad_de_productos) values (4, 'Kahlua', 'Fosrenol', '7755');
insert into categoria (id_categoria, descripcion, nombre, cantidad_de_productos) values (5, 'Sprouts Dikon', 'rocuronium bromide', '9347');
insert into categoria (id_categoria, descripcion, nombre, cantidad_de_productos) values (6, 'Lamb - Leg, Boneless', 'Vital Male Sexual Energy', '0462');
insert into categoria (id_categoria, descripcion, nombre, cantidad_de_productos) values (7, 'Beef - Inside Round', 'Standardized Mite D. farinae', '1007');
insert into categoria (id_categoria, descripcion, nombre, cantidad_de_productos) values (8, 'Lid - 0090 Clear', 'Valsartan and hydrochlorothiazide', '5214');
insert into categoria (id_categoria, descripcion, nombre, cantidad_de_productos) values (9, 'Lamb - Whole, Fresh', 'SUNFLOWER SEED', '7332');
insert into categoria (id_categoria, descripcion, nombre, cantidad_de_productos) values (10, 'Shrimp - 16/20, Peeled Deviened', 'OXYGEN', '3633');
insert into categoria (id_categoria, descripcion, nombre, cantidad_de_productos) values (11, 'Ham - Black Forest', 'Reclaim Radiance', '2520');
insert into categoria (id_categoria, descripcion, nombre, cantidad_de_productos) values (12, 'Crackers - Water', 'Beleodaq', '7993');
insert into categoria (id_categoria, descripcion, nombre, cantidad_de_productos) values (13, 'Uniform Linen Charge', 'APAP', '2757');
insert into categoria (id_categoria, descripcion, nombre, cantidad_de_productos) values (14, 'Capicola - Hot', 'Pert Plus Dandruff Plus', '7436');
insert into categoria (id_categoria, descripcion, nombre, cantidad_de_productos) values (15, 'Beef - Salted', 'Sword Fish', '3409');
insert into categoria (id_categoria, descripcion, nombre, cantidad_de_productos) values (16, 'Bread - Roll, Whole Wheat', 'good neighbor pharmacy milk of magnesia', '3398');
insert into categoria (id_categoria, descripcion, nombre, cantidad_de_productos) values (17, 'Squash - Pattypan, Yellow', 'Exchange Select Sport Sunscreen', '2512');
insert into categoria (id_categoria, descripcion, nombre, cantidad_de_productos) values (18, 'Muffin Mix - Blueberry', 'Librium', '0173');
insert into categoria (id_categoria, descripcion, nombre, cantidad_de_productos) values (19, 'Pork - Bacon, Sliced', 'Healthy Accents Triple Antibiotic', '2500');
insert into categoria (id_categoria, descripcion, nombre, cantidad_de_productos) values (20, 'Longos - Penne With Pesto', 'Tussin Original', '8633');
insert into categoria (id_categoria, descripcion, nombre, cantidad_de_productos) values (21, 'Jello - Assorted', 'Verticalm', '8129');
insert into categoria (id_categoria, descripcion, nombre, cantidad_de_productos) values (22, 'Tomatoes - Vine Ripe, Yellow', 'Oxycodone and Acetaminophen', '0503');
insert into categoria (id_categoria, descripcion, nombre, cantidad_de_productos) values (23, 'Lamb - Leg, Boneless', 'MORUS ALBA POLLEN', '9463');
insert into categoria (id_categoria, descripcion, nombre, cantidad_de_productos) values (24, 'Flour - Chickpea', 'gemcitabine', '6714');
insert into categoria (id_categoria, descripcion, nombre, cantidad_de_productos) values (25, 'Rosemary - Fresh', 'METHYLPREDNISOLONE', '7912');
insert into categoria (id_categoria, descripcion, nombre, cantidad_de_productos) values (26, 'Beef - Bresaola', 'HypoTears', '4543');
insert into categoria (id_categoria, descripcion, nombre, cantidad_de_productos) values (27, 'Onions - Red Pearl', 'Lyrica', '1611');
insert into categoria (id_categoria, descripcion, nombre, cantidad_de_productos) values (28, 'Chicken - Soup Base', 'Irbesartan', '2817');
insert into categoria (id_categoria, descripcion, nombre, cantidad_de_productos) values (29, 'Mushroom - Enoki, Fresh', 'Anti Acne Calming Corrector', '0400');
insert into categoria (id_categoria, descripcion, nombre, cantidad_de_productos) values (30, 'Chocolate - Compound Coating', 'PURELL Advanced Instant Hand Sanitizer Fragrance Free', '0648');
insert into categoria (id_categoria, descripcion, nombre, cantidad_de_productos) values (31, 'Coffee Swiss Choc Almond', 'Fenofibrate', '8633');
insert into categoria (id_categoria, descripcion, nombre, cantidad_de_productos) values (32, 'Wine - Ruffino Chianti Classico', 'Ferric Subsulfate', '0190');
insert into categoria (id_categoria, descripcion, nombre, cantidad_de_productos) values (33, 'Muffin Hinge Container 6', 'Tretinoin', '4393');
insert into categoria (id_categoria, descripcion, nombre, cantidad_de_productos) values (34, 'Calaloo', 'Perindopril Erbumine', '9758');
insert into categoria (id_categoria, descripcion, nombre, cantidad_de_productos) values (35, 'Cinnamon - Ground', 'Savella', '4159');
insert into categoria (id_categoria, descripcion, nombre, cantidad_de_productos) values (36, 'Pepper - Green, Chili', 'Labetalol hydrochloride', '5093');
insert into categoria (id_categoria, descripcion, nombre, cantidad_de_productos) values (37, 'Bread - Mini Hamburger Bun', 'PONDS', '6140');
insert into categoria (id_categoria, descripcion, nombre, cantidad_de_productos) values (38, 'Tomatoes', 'Amrix', '4346');
insert into categoria (id_categoria, descripcion, nombre, cantidad_de_productos) values (39, 'Wine - Pinot Noir Mondavi Coastal', 'Cialis', '9872');
insert into categoria (id_categoria, descripcion, nombre, cantidad_de_productos) values (40, 'Goat - Leg', 'Adenosine', '0315');
insert into categoria (id_categoria, descripcion, nombre, cantidad_de_productos) values (41, 'Chocolate - Pistoles, White', 'Aspirin', '0164');
insert into categoria (id_categoria, descripcion, nombre, cantidad_de_productos) values (42, 'Turkey - Breast, Boneless Sk On', 'Nicotine', '0329');
insert into categoria (id_categoria, descripcion, nombre, cantidad_de_productos) values (43, 'Wine - Zinfandel Rosenblum', 'CENTER-AL - CYNODON DACTYLON POLLEN', '1132');
insert into categoria (id_categoria, descripcion, nombre, cantidad_de_productos) values (44, 'Persimmons', 'Amlodipine and Atorvastatin', '0960');
insert into categoria (id_categoria, descripcion, nombre, cantidad_de_productos) values (45, 'Butter Sweet', 'Corn Removers', '6846');
insert into categoria (id_categoria, descripcion, nombre, cantidad_de_productos) values (46, 'Pastry - Banana Tea Loaf', 'Technetium Tc99m Generator', '2142');
insert into categoria (id_categoria, descripcion, nombre, cantidad_de_productos) values (47, 'Pumpkin', 'Zep Professional Z-Verdant Foaming', '9782');
insert into categoria (id_categoria, descripcion, nombre, cantidad_de_productos) values (48, 'Wiberg Super Cure', 'Ulta Pomegranate Lime Anti-Bacterial Deep Cleansing', '7229');
insert into categoria (id_categoria, descripcion, nombre, cantidad_de_productos) values (49, 'Ranchero - Primerba, Paste', 'Rubus', '2348');
insert into categoria (id_categoria, descripcion, nombre, cantidad_de_productos) values (50, 'Arctic Char - Fresh, Whole', 'Acid Reducer', '3036');
insert into categoria (id_categoria, descripcion, nombre, cantidad_de_productos) values (51, 'Soup - Campbells, Lentil', 'Naproxen', '9292');
insert into categoria (id_categoria, descripcion, nombre, cantidad_de_productos) values (52, 'Sprouts - Brussel', 'Olanzapine', '6278');
insert into categoria (id_categoria, descripcion, nombre, cantidad_de_productos) values (53, 'Goat - Whole Cut', 'ROBITUSSIN NIGHT TIME COUGH AND COLD', '8027');
insert into categoria (id_categoria, descripcion, nombre, cantidad_de_productos) values (54, 'Wine - Niagara,vqa Reisling', 'Propylthiouracil', '5385');
insert into categoria (id_categoria, descripcion, nombre, cantidad_de_productos) values (55, 'Lighter - Bbq', 'ADRENOCORTICOTROPHIN', '7264');
insert into categoria (id_categoria, descripcion, nombre, cantidad_de_productos) values (56, 'Ketchup - Tomato', 'Technetium Tc 99m Medronate', '8171');
insert into categoria (id_categoria, descripcion, nombre, cantidad_de_productos) values (57, 'Pepper - Scotch Bonnet', 'Apatite Cucurbita', '3329');
insert into categoria (id_categoria, descripcion, nombre, cantidad_de_productos) values (58, 'Shortbread - Cookie Crumbs', 'Pepcid', '1657');
insert into categoria (id_categoria, descripcion, nombre, cantidad_de_productos) values (59, 'Radish - Black, Winter, Organic', 'Betamethasone Dipropionate', '9982');
insert into categoria (id_categoria, descripcion, nombre, cantidad_de_productos) values (60, 'Tray - Foam, Square 4 - S', 'RevitaDERM Wound Care', '7396');
insert into categoria (id_categoria, descripcion, nombre, cantidad_de_productos) values (61, 'Mcguinness - Blue Curacao', 'Head and Shoulders', '8725');
insert into categoria (id_categoria, descripcion, nombre, cantidad_de_productos) values (62, 'Rice Pilaf, Dry,package', 'HYDROXYUREA', '5087');
insert into categoria (id_categoria, descripcion, nombre, cantidad_de_productos) values (63, 'Vector Energy Bar', 'ESIKA', '2663');
insert into categoria (id_categoria, descripcion, nombre, cantidad_de_productos) values (64, 'Sprouts - Baby Pea Tendrils', 'Nicardipine Hydrochloride', '6573');
insert into categoria (id_categoria, descripcion, nombre, cantidad_de_productos) values (65, 'Quiche Assorted', 'Up and Up Cold Flu Relief', '4145');
insert into categoria (id_categoria, descripcion, nombre, cantidad_de_productos) values (66, 'Iced Tea Concentrate', 'AeroGreen Antibac', '7676');
insert into categoria (id_categoria, descripcion, nombre, cantidad_de_productos) values (67, 'Salt - Table', 'Neutrogena Age Defense Anti Oxidant Daily Moisturizer', '3402');
insert into categoria (id_categoria, descripcion, nombre, cantidad_de_productos) values (68, 'Cheese Cloth No 100', 'CardinalHealth bathing wipe with dimethicone', '4027');
insert into categoria (id_categoria, descripcion, nombre, cantidad_de_productos) values (69, 'Mustard - Pommery', 'AUREOBASIDIUM PULLULANS VAR PULLULANS', '9709');
insert into categoria (id_categoria, descripcion, nombre, cantidad_de_productos) values (70, 'Chinese Foods - Chicken', 'Xopenex', '9851');
insert into categoria (id_categoria, descripcion, nombre, cantidad_de_productos) values (71, 'Foam Espresso Cup Plain White', 'Freshscent Anti-Bacterial', '4192');
insert into categoria (id_categoria, descripcion, nombre, cantidad_de_productos) values (72, 'Sausage - Meat', 'Chlorpromazine Hydrochloride', '6359');
insert into categoria (id_categoria, descripcion, nombre, cantidad_de_productos) values (73, 'Myers Planters Punch', 'CELEBREX', '0396');
insert into categoria (id_categoria, descripcion, nombre, cantidad_de_productos) values (74, 'Pork Salted Bellies', 'LABETALOL HYDROCHLORIDE', '7976');
insert into categoria (id_categoria, descripcion, nombre, cantidad_de_productos) values (75, 'Bread - Crusty Italian Poly', 'LANEIGE BB Cushion no.23', '0154');
insert into categoria (id_categoria, descripcion, nombre, cantidad_de_productos) values (76, 'Wine - Sawmill Creek Autumn', 'Atovaquone and Proguanil Hydrochloride', '1685');
insert into categoria (id_categoria, descripcion, nombre, cantidad_de_productos) values (77, 'Pastry - Baked Scones - Mini', 'Hydrocortisone', '1064');
insert into categoria (id_categoria, descripcion, nombre, cantidad_de_productos) values (78, 'Lamb - Whole, Frozen', 'AZITHROMYCIN', '7008');
insert into categoria (id_categoria, descripcion, nombre, cantidad_de_productos) values (79, 'Sauce - Apple, Unsweetened', 'Melvita NECTAR DE ROSES BB Sunscreen BROAD SPECTRUM SPF 15 NUDE ROSE', '7920');
insert into categoria (id_categoria, descripcion, nombre, cantidad_de_productos) values (80, 'Wine - Charddonnay Errazuriz', 'Arixtra', '1173');
insert into categoria (id_categoria, descripcion, nombre, cantidad_de_productos) values (81, 'Wine - Red, Harrow Estates, Cab', 'Gabapentin', '2758');
insert into categoria (id_categoria, descripcion, nombre, cantidad_de_productos) values (82, 'Dc - Frozen Momji', 'ED A-HIST DM', '5224');
insert into categoria (id_categoria, descripcion, nombre, cantidad_de_productos) values (83, 'Jello - Assorted', 'HAND SANITIZING', '6280');
insert into categoria (id_categoria, descripcion, nombre, cantidad_de_productos) values (84, 'Veal - Leg, Provimi - 50 Lb Max', 'Mirapharm-22', '4370');
insert into categoria (id_categoria, descripcion, nombre, cantidad_de_productos) values (85, 'Turnip - Wax', 'Nardil', '4738');
insert into categoria (id_categoria, descripcion, nombre, cantidad_de_productos) values (86, 'Lamb Rack - Ontario', 'OralSoothe', '6553');
insert into categoria (id_categoria, descripcion, nombre, cantidad_de_productos) values (87, 'Corn - Mini', 'Banana Boat UltraMist Kids SPF 50 Factor de Proteccion Solar 50', '2885');
insert into categoria (id_categoria, descripcion, nombre, cantidad_de_productos) values (88, 'Pork - Suckling Pig', 'Shopko Antibacterial Deep Cleansing Hand', '1440');
insert into categoria (id_categoria, descripcion, nombre, cantidad_de_productos) values (89, 'Vol Au Vents', 'LBEL COULEUR LUXE AMPLIFIER XP', '7249');
insert into categoria (id_categoria, descripcion, nombre, cantidad_de_productos) values (90, 'Beef - Tenderloin - Aa', 'Precose', '6691');
insert into categoria (id_categoria, descripcion, nombre, cantidad_de_productos) values (91, 'Tandoori Curry Paste', 'Attention Span', '5589');
insert into categoria (id_categoria, descripcion, nombre, cantidad_de_productos) values (92, 'Beer - Sleemans Honey Brown', 'Paroxetine', '2980');
insert into categoria (id_categoria, descripcion, nombre, cantidad_de_productos) values (93, 'Island Oasis - Banana Daiquiri', 'Eco-Clean Elite', '2336');
insert into categoria (id_categoria, descripcion, nombre, cantidad_de_productos) values (94, 'Filo Dough', 'Stool Softener', '9452');
insert into categoria (id_categoria, descripcion, nombre, cantidad_de_productos) values (95, 'Wine - Delicato Merlot', 'Gas Relief', '4957');
insert into categoria (id_categoria, descripcion, nombre, cantidad_de_productos) values (96, 'The Pop Shoppe - Lime Rickey', 'BIOTENE', '0047');
insert into categoria (id_categoria, descripcion, nombre, cantidad_de_productos) values (97, 'Salmon - Sockeye Raw', 'Dicloxacillin Sodium', '3899');
insert into categoria (id_categoria, descripcion, nombre, cantidad_de_productos) values (98, 'Bread - Rolls, Rye', 'DIPYRIDAMOLE', '8756');
insert into categoria (id_categoria, descripcion, nombre, cantidad_de_productos) values (99, 'Mushroom - Oyster, Fresh', 'Lisinopril', '2170');
insert into categoria (id_categoria, descripcion, nombre, cantidad_de_productos) values (100, 'Shrimp - Black Tiger 16/20', 'Fiber', '2380');
insert into producto (codigo_barras, rfc, id_categoria, precio, unidades_disponibles, imagen, nombre, descuento) values ('8171210171611', 'AHI4800399G2', 83, 713335592.08, 23432674, 'http://dummyimage.com/229x100.png/5fa2dd/ffffff', 'Stanleigh', 0.005);
insert into producto (codigo_barras, rfc, id_categoria, precio, unidades_disponibles, imagen, nombre, descuento) values ('0191917131719', 'REB0944002Y0', 87, 188781356.77, 166681895, 'http://dummyimage.com/198x100.png/dddddd/000000', 'Louisette', 0.491);
insert into producto (codigo_barras, rfc, id_categoria, precio, unidades_disponibles, imagen, nombre, descuento) values ('7101515141818', 'NSI8863789J0', 85, 775837298.86, 651123365, 'http://dummyimage.com/150x100.png/5fa2dd/ffffff', 'Jarvis', 0.275);
insert into producto (codigo_barras, rfc, id_categoria, precio, unidades_disponibles, imagen, nombre, descuento) values ('4161813161611', 'OKG0868834J4', 75, 733015298.12, 603288496, 'http://dummyimage.com/119x100.png/dddddd/000000', 'Mair', 0.468);
insert into producto (codigo_barras, rfc, id_categoria, precio, unidades_disponibles, imagen, nombre, descuento) values ('2151517161216', 'IRQ6002374B4', 20, 913612378.51, 988795830, 'http://dummyimage.com/235x100.png/ff4444/ffffff', 'Bibby', 0.039);
insert into producto (codigo_barras, rfc, id_categoria, precio, unidades_disponibles, imagen, nombre, descuento) values ('4111815141514', 'YSU9460957N2', 28, 688444970.75, 804800660, 'http://dummyimage.com/212x100.png/dddddd/000000', 'Jacquie', 0.778);
insert into producto (codigo_barras, rfc, id_categoria, precio, unidades_disponibles, imagen, nombre, descuento) values ('1101113111112', 'GJP1828286O6', 28, 33014834.08, 161363851, 'http://dummyimage.com/135x100.png/cc0000/ffffff', 'Sheri', 0.815);
insert into producto (codigo_barras, rfc, id_categoria, precio, unidades_disponibles, imagen, nombre, descuento) values ('4141512111015', 'XRI5068062M2', 45, 36322783.32, 432428194, 'http://dummyimage.com/189x100.png/cc0000/ffffff', 'Ilse', 0.047);
insert into producto (codigo_barras, rfc, id_categoria, precio, unidades_disponibles, imagen, nombre, descuento) values ('1131110191810', 'GPV9625363I3', 94, 432062952.52, 620674919, 'http://dummyimage.com/217x100.png/cc0000/ffffff', 'Mary', 0.046);
insert into producto (codigo_barras, rfc, id_categoria, precio, unidades_disponibles, imagen, nombre, descuento) values ('1121316171911', 'EPO8096754X8', 99, 131436901.7, 882313936, 'http://dummyimage.com/246x100.png/ff4444/ffffff', 'Salomo', 0.555);
insert into producto (codigo_barras, rfc, id_categoria, precio, unidades_disponibles, imagen, nombre, descuento) values ('8121714181311', 'LRC9071138L4', 87, 156796579.8, 749766467, 'http://dummyimage.com/145x100.png/dddddd/000000', 'Glenine', 0.776);
insert into producto (codigo_barras, rfc, id_categoria, precio, unidades_disponibles, imagen, nombre, descuento) values ('3121313131411', 'GPV9625363I3', 41, 270521085.52, 3618589, 'http://dummyimage.com/167x100.png/cc0000/ffffff', 'Debbie', 0.575);
insert into producto (codigo_barras, rfc, id_categoria, precio, unidades_disponibles, imagen, nombre, descuento) values ('1191414101812', 'GJS6930592L6', 13, 752210660.47, 426571656, 'http://dummyimage.com/182x100.png/dddddd/000000', 'Randee', 0.72);
insert into producto (codigo_barras, rfc, id_categoria, precio, unidades_disponibles, imagen, nombre, descuento) values ('7121110161415', 'QVY1383839L4', 32, 823185074.49, 321275943, 'http://dummyimage.com/144x100.png/ff4444/ffffff', 'Matti', 0.6);
insert into producto (codigo_barras, rfc, id_categoria, precio, unidades_disponibles, imagen, nombre, descuento) values ('8151016111412', 'GJP1828286O6', 39, 523858207.13, 350241062, 'http://dummyimage.com/158x100.png/5fa2dd/ffffff', 'Barby', 0.482);
insert into producto (codigo_barras, rfc, id_categoria, precio, unidades_disponibles, imagen, nombre, descuento) values ('9111618111215', 'AFU8157150U2', 83, 917713625.38, 473890787, 'http://dummyimage.com/130x100.png/dddddd/000000', 'Cobby', 0.484);
insert into producto (codigo_barras, rfc, id_categoria, precio, unidades_disponibles, imagen, nombre, descuento) values ('3181218171612', 'GZY7553784U3', 33, 980293956.44, 585596998, 'http://dummyimage.com/203x100.png/5fa2dd/ffffff', 'Maisie', 0.939);
insert into producto (codigo_barras, rfc, id_categoria, precio, unidades_disponibles, imagen, nombre, descuento) values ('6171515141617', 'GAO0214538I7', 11, 181911548.53, 951196083, 'http://dummyimage.com/142x100.png/dddddd/000000', 'Laraine', 0.633);
insert into producto (codigo_barras, rfc, id_categoria, precio, unidades_disponibles, imagen, nombre, descuento) values ('0191212151818', 'WFT4355283K2', 82, 358569219.42, 946477448, 'http://dummyimage.com/207x100.png/dddddd/000000', 'Elmore', 0.592);
insert into producto (codigo_barras, rfc, id_categoria, precio, unidades_disponibles, imagen, nombre, descuento) values ('9181517191515', 'ZWO6077314O0', 18, 520505027.4, 414791287, 'http://dummyimage.com/157x100.png/cc0000/ffffff', 'Rudolph', 0.051);
insert into producto (codigo_barras, rfc, id_categoria, precio, unidades_disponibles, imagen, nombre, descuento) values ('1181811111216', 'WQJ4925580U9', 99, 927615235.85, 103183959, 'http://dummyimage.com/143x100.png/ff4444/ffffff', 'Sergeant', 0.505);
insert into producto (codigo_barras, rfc, id_categoria, precio, unidades_disponibles, imagen, nombre, descuento) values ('6191916191310', 'DOM2664988P7', 32, 53827422.37, 829228181, 'http://dummyimage.com/114x100.png/dddddd/000000', 'Janene', 0.13);
insert into producto (codigo_barras, rfc, id_categoria, precio, unidades_disponibles, imagen, nombre, descuento) values ('6171719141315', 'KRY6311889H6', 19, 574497856.64, 998962927, 'http://dummyimage.com/178x100.png/ff4444/ffffff', 'Raul', 0.685);
insert into producto (codigo_barras, rfc, id_categoria, precio, unidades_disponibles, imagen, nombre, descuento) values ('0101314161716', 'XVN7961521O2', 62, 272719822.91, 716034865, 'http://dummyimage.com/246x100.png/cc0000/ffffff', 'Skipper', 0.397);
insert into producto (codigo_barras, rfc, id_categoria, precio, unidades_disponibles, imagen, nombre, descuento) values ('5181814151310', 'PQW5770505B3', 83, 198272091.25, 560864669, 'http://dummyimage.com/136x100.png/cc0000/ffffff', 'Sergei', 0.277);
insert into producto (codigo_barras, rfc, id_categoria, precio, unidades_disponibles, imagen, nombre, descuento) values ('1101211141511', 'ERA0843476Z1', 32, 407027897.75, 19391500, 'http://dummyimage.com/102x100.png/5fa2dd/ffffff', 'Lawrence', 0.871);
insert into producto (codigo_barras, rfc, id_categoria, precio, unidades_disponibles, imagen, nombre, descuento) values ('5141416141113', 'KAD6085355R3', 10, 623477772.67, 710854445, 'http://dummyimage.com/107x100.png/cc0000/ffffff', 'Kari', 0.967);
insert into producto (codigo_barras, rfc, id_categoria, precio, unidades_disponibles, imagen, nombre, descuento) values ('7111417111912', 'WQJ4925580U9', 14, 818289350.38, 730169753, 'http://dummyimage.com/209x100.png/ff4444/ffffff', 'Budd', 0.597);
insert into producto (codigo_barras, rfc, id_categoria, precio, unidades_disponibles, imagen, nombre, descuento) values ('3171112141415', 'EBQ1802015W1', 52, 573587100.09, 899679189, 'http://dummyimage.com/104x100.png/5fa2dd/ffffff', 'Maryanne', 0.401);
insert into producto (codigo_barras, rfc, id_categoria, precio, unidades_disponibles, imagen, nombre, descuento) values ('2101715161116', 'ARD6570017Z2', 13, 457094073.89, 98637728, 'http://dummyimage.com/179x100.png/ff4444/ffffff', 'Dimitry', 0.618);
insert into producto (codigo_barras, rfc, id_categoria, precio, unidades_disponibles, imagen, nombre, descuento) values ('1141915101413', 'XRI5068062M2', 76, 884855628.37, 889518363, 'http://dummyimage.com/101x100.png/cc0000/ffffff', 'Abra', 0.678);
insert into producto (codigo_barras, rfc, id_categoria, precio, unidades_disponibles, imagen, nombre, descuento) values ('7171115121614', 'BXH0482777Y0', 71, 54602385.37, 346220089, 'http://dummyimage.com/101x100.png/cc0000/ffffff', 'Christian', 0.052);
insert into producto (codigo_barras, rfc, id_categoria, precio, unidades_disponibles, imagen, nombre, descuento) values ('5101314161412', 'PMZ4523957J8', 5, 383576430.61, 459819616, 'http://dummyimage.com/155x100.png/dddddd/000000', 'Cleo', 0.771);
insert into producto (codigo_barras, rfc, id_categoria, precio, unidades_disponibles, imagen, nombre, descuento) values ('3161118111317', 'ZIR7857848S2', 64, 61577919.16, 770041881, 'http://dummyimage.com/134x100.png/ff4444/ffffff', 'Mikol', 0.116);
insert into producto (codigo_barras, rfc, id_categoria, precio, unidades_disponibles, imagen, nombre, descuento) values ('5121617131612', 'WFT4355283K2', 68, 954918574.23, 909613917, 'http://dummyimage.com/169x100.png/dddddd/000000', 'Ogden', 0.42);
insert into producto (codigo_barras, rfc, id_categoria, precio, unidades_disponibles, imagen, nombre, descuento) values ('0101815101211', 'DGS2734704H3', 95, 975894757.6, 971067136, 'http://dummyimage.com/215x100.png/5fa2dd/ffffff', 'Tabina', 0.645);
insert into producto (codigo_barras, rfc, id_categoria, precio, unidades_disponibles, imagen, nombre, descuento) values ('8171613181316', 'SON3505576V8', 88, 529992455.33, 419945465, 'http://dummyimage.com/163x100.png/ff4444/ffffff', 'Lambert', 0.1);
insert into producto (codigo_barras, rfc, id_categoria, precio, unidades_disponibles, imagen, nombre, descuento) values ('1181913131614', 'NSI8863789J0', 65, 795674011.56, 493637415, 'http://dummyimage.com/227x100.png/dddddd/000000', 'Grazia', 0.504);
insert into producto (codigo_barras, rfc, id_categoria, precio, unidades_disponibles, imagen, nombre, descuento) values ('7121811111819', 'PSY0448243N1', 68, 985225477.83, 987525482, 'http://dummyimage.com/193x100.png/cc0000/ffffff', 'Adorne', 0.972);
insert into producto (codigo_barras, rfc, id_categoria, precio, unidades_disponibles, imagen, nombre, descuento) values ('5191013151918', 'ZWO6077314O0', 11, 66843610.55, 855700595, 'http://dummyimage.com/186x100.png/5fa2dd/ffffff', 'L;urette', 0.252);
insert into producto (codigo_barras, rfc, id_categoria, precio, unidades_disponibles, imagen, nombre, descuento) values ('4171615171716', 'ARX7793936N4', 98, 485830115.86, 589738530, 'http://dummyimage.com/104x100.png/5fa2dd/ffffff', 'Rik', 0.973);
insert into producto (codigo_barras, rfc, id_categoria, precio, unidades_disponibles, imagen, nombre, descuento) values ('0111914121619', 'YQR2912354H7', 19, 76969190.19, 655174599, 'http://dummyimage.com/241x100.png/5fa2dd/ffffff', 'Zelma', 0.662);
insert into producto (codigo_barras, rfc, id_categoria, precio, unidades_disponibles, imagen, nombre, descuento) values ('1161719141716', 'BAX2265521H9', 31, 57837140.14, 46928486, 'http://dummyimage.com/123x100.png/ff4444/ffffff', 'Connie', 0.017);
insert into producto (codigo_barras, rfc, id_categoria, precio, unidades_disponibles, imagen, nombre, descuento) values ('0151510131210', 'LHG2187668U2', 15, 382380608.65, 101613774, 'http://dummyimage.com/205x100.png/5fa2dd/ffffff', 'Land', 0.847);
insert into producto (codigo_barras, rfc, id_categoria, precio, unidades_disponibles, imagen, nombre, descuento) values ('5141111121216', 'GBP2255776Z6', 88, 73419163.73, 11344092, 'http://dummyimage.com/178x100.png/dddddd/000000', 'Sutton', 0.45);
insert into producto (codigo_barras, rfc, id_categoria, precio, unidades_disponibles, imagen, nombre, descuento) values ('1151219191115', 'WQJ4925580U9', 55, 66610461.11, 659051707, 'http://dummyimage.com/129x100.png/ff4444/ffffff', 'Reilly', 0.474);
insert into producto (codigo_barras, rfc, id_categoria, precio, unidades_disponibles, imagen, nombre, descuento) values ('6161411121915', 'NSI8863789J0', 40, 839623085.69, 973469526, 'http://dummyimage.com/136x100.png/ff4444/ffffff', 'Bastien', 0.168);
insert into producto (codigo_barras, rfc, id_categoria, precio, unidades_disponibles, imagen, nombre, descuento) values ('5101619171012', 'VZS9154210O6', 60, 151162123.66, 149995026, 'http://dummyimage.com/232x100.png/5fa2dd/ffffff', 'Debi', 0.618);
insert into producto (codigo_barras, rfc, id_categoria, precio, unidades_disponibles, imagen, nombre, descuento) values ('0111313141813', 'GQU2974271O6', 75, 42244958.1, 898722806, 'http://dummyimage.com/169x100.png/5fa2dd/ffffff', 'Rosalynd', 0.056);
insert into producto (codigo_barras, rfc, id_categoria, precio, unidades_disponibles, imagen, nombre, descuento) values ('2101113111315', 'MWP5979298R8', 78, 15036966.48, 183423752, 'http://dummyimage.com/206x100.png/ff4444/ffffff', 'Morena', 0.185);
insert into producto (codigo_barras, rfc, id_categoria, precio, unidades_disponibles, imagen, nombre, descuento) values ('3151519121814', 'LQG6978588H4', 49, 949612337.32, 336885635, 'http://dummyimage.com/138x100.png/dddddd/000000', 'Thorvald', 0.267);
insert into producto (codigo_barras, rfc, id_categoria, precio, unidades_disponibles, imagen, nombre, descuento) values ('6181411181314', 'NSI8863789J0', 50, 874191579.06, 116478021, 'http://dummyimage.com/228x100.png/ff4444/ffffff', 'Meta', 0.934);
insert into producto (codigo_barras, rfc, id_categoria, precio, unidades_disponibles, imagen, nombre, descuento) values ('1121816161713', 'PSY0448243N1', 59, 84082305.72, 155193341, 'http://dummyimage.com/175x100.png/dddddd/000000', 'Hortensia', 0.067);
insert into producto (codigo_barras, rfc, id_categoria, precio, unidades_disponibles, imagen, nombre, descuento) values ('1181015141714', 'KRY6311889H6', 45, 25345081.42, 20111627, 'http://dummyimage.com/136x100.png/ff4444/ffffff', 'Elisa', 0.836);
insert into producto (codigo_barras, rfc, id_categoria, precio, unidades_disponibles, imagen, nombre, descuento) values ('8181215101516', 'UFS8927463S1', 48, 427489434.77, 683526856, 'http://dummyimage.com/158x100.png/cc0000/ffffff', 'Crissy', 0.731);
insert into producto (codigo_barras, rfc, id_categoria, precio, unidades_disponibles, imagen, nombre, descuento) values ('9121314161318', 'GPV9625363I3', 34, 977256306.08, 699466716, 'http://dummyimage.com/183x100.png/5fa2dd/ffffff', 'Noell', 0.845);
insert into producto (codigo_barras, rfc, id_categoria, precio, unidades_disponibles, imagen, nombre, descuento) values ('1141115121217', 'APF7360904U7', 91, 642828834.07, 775534324, 'http://dummyimage.com/105x100.png/5fa2dd/ffffff', 'Theo', 0.252);
insert into producto (codigo_barras, rfc, id_categoria, precio, unidades_disponibles, imagen, nombre, descuento) values ('3171919171412', 'WFT4355283K2', 62, 401126049.36, 602621091, 'http://dummyimage.com/183x100.png/ff4444/ffffff', 'Dagny', 0.229);
insert into producto (codigo_barras, rfc, id_categoria, precio, unidades_disponibles, imagen, nombre, descuento) values ('0181115151311', 'WRO5005698A1', 62, 283901045.78, 410393658, 'http://dummyimage.com/127x100.png/5fa2dd/ffffff', 'Octavia', 0.622);
insert into producto (codigo_barras, rfc, id_categoria, precio, unidades_disponibles, imagen, nombre, descuento) values ('7111110191917', 'MWP5979298R8', 19, 916663840.12, 764214289, 'http://dummyimage.com/182x100.png/dddddd/000000', 'Graeme', 0.311);
insert into producto (codigo_barras, rfc, id_categoria, precio, unidades_disponibles, imagen, nombre, descuento) values ('1161116171712', 'ERA0843476Z1', 53, 768039202.44, 781460153, 'http://dummyimage.com/199x100.png/cc0000/ffffff', 'Layla', 0.766);
insert into producto (codigo_barras, rfc, id_categoria, precio, unidades_disponibles, imagen, nombre, descuento) values ('4111714111916', 'CMB7751530I7', 7, 648933479.39, 606396478, 'http://dummyimage.com/127x100.png/5fa2dd/ffffff', 'Gayleen', 0.629);
insert into producto (codigo_barras, rfc, id_categoria, precio, unidades_disponibles, imagen, nombre, descuento) values ('7181216181414', 'MFC3732655J6', 73, 312987246.81, 249518533, 'http://dummyimage.com/131x100.png/5fa2dd/ffffff', 'Dorette', 0.04);
insert into producto (codigo_barras, rfc, id_categoria, precio, unidades_disponibles, imagen, nombre, descuento) values ('8101519121916', 'UFS8927463S1', 22, 419624874.7, 61800143, 'http://dummyimage.com/198x100.png/5fa2dd/ffffff', 'Delano', 0.839);
insert into producto (codigo_barras, rfc, id_categoria, precio, unidades_disponibles, imagen, nombre, descuento) values ('1171615101311', 'CMB7751530I7', 73, 815557135.62, 752499100, 'http://dummyimage.com/206x100.png/5fa2dd/ffffff', 'Adria', 0.619);
insert into producto (codigo_barras, rfc, id_categoria, precio, unidades_disponibles, imagen, nombre, descuento) values ('5131715101516', 'ALZ7388404U0', 68, 986666903.33, 246394017, 'http://dummyimage.com/144x100.png/cc0000/ffffff', 'Alissa', 0.737);
insert into producto (codigo_barras, rfc, id_categoria, precio, unidades_disponibles, imagen, nombre, descuento) values ('5131519171914', 'OKG0868834J4', 77, 483512568.41, 381446308, 'http://dummyimage.com/237x100.png/cc0000/ffffff', 'Milicent', 0.755);
insert into producto (codigo_barras, rfc, id_categoria, precio, unidades_disponibles, imagen, nombre, descuento) values ('1161917121915', 'YPX5768278E2', 42, 816601042.33, 323606634, 'http://dummyimage.com/116x100.png/cc0000/ffffff', 'Norri', 0.845);
insert into producto (codigo_barras, rfc, id_categoria, precio, unidades_disponibles, imagen, nombre, descuento) values ('9121713151718', 'FTL8401620E6', 35, 336484870.19, 754014076, 'http://dummyimage.com/164x100.png/5fa2dd/ffffff', 'Emily', 0.07);
insert into producto (codigo_barras, rfc, id_categoria, precio, unidades_disponibles, imagen, nombre, descuento) values ('9171314111810', 'ARX7793936N4', 55, 336092017.74, 744330100, 'http://dummyimage.com/115x100.png/ff4444/ffffff', 'Reinold', 0.999);
insert into producto (codigo_barras, rfc, id_categoria, precio, unidades_disponibles, imagen, nombre, descuento) values ('0161113111518', 'BAX2265521H9', 86, 911899514.69, 574323906, 'http://dummyimage.com/128x100.png/dddddd/000000', 'Flem', 0.973);
insert into producto (codigo_barras, rfc, id_categoria, precio, unidades_disponibles, imagen, nombre, descuento) values ('7151116121812', 'GQU2974271O6', 62, 347037587.26, 491341152, 'http://dummyimage.com/118x100.png/cc0000/ffffff', 'Marnie', 0.706);
insert into producto (codigo_barras, rfc, id_categoria, precio, unidades_disponibles, imagen, nombre, descuento) values ('5191015101611', 'CFU8996428D2', 94, 220878965.66, 450397678, 'http://dummyimage.com/121x100.png/dddddd/000000', 'Horten', 0.356);
insert into producto (codigo_barras, rfc, id_categoria, precio, unidades_disponibles, imagen, nombre, descuento) values ('6191112161918', 'HWF8680539Q0', 7, 982654869.77, 560905852, 'http://dummyimage.com/103x100.png/dddddd/000000', 'Tomaso', 0.604);
insert into producto (codigo_barras, rfc, id_categoria, precio, unidades_disponibles, imagen, nombre, descuento) values ('9191716171112', 'ALZ7388404U0', 32, 561054636.96, 804553007, 'http://dummyimage.com/150x100.png/dddddd/000000', 'Christina', 0.893);
insert into producto (codigo_barras, rfc, id_categoria, precio, unidades_disponibles, imagen, nombre, descuento) values ('7191216161512', 'VEM3143653I4', 65, 294220520.47, 76724544, 'http://dummyimage.com/151x100.png/ff4444/ffffff', 'Clemmie', 0.905);
insert into producto (codigo_barras, rfc, id_categoria, precio, unidades_disponibles, imagen, nombre, descuento) values ('9191414171015', 'GAO0214538I7', 1, 703263401.35, 256828202, 'http://dummyimage.com/142x100.png/dddddd/000000', 'Zachery', 0.317);
insert into producto (codigo_barras, rfc, id_categoria, precio, unidades_disponibles, imagen, nombre, descuento) values ('9171712141911', 'KRQ4231425I4', 86, 102317351.74, 718011505, 'http://dummyimage.com/199x100.png/5fa2dd/ffffff', 'Coleen', 0.096);
insert into producto (codigo_barras, rfc, id_categoria, precio, unidades_disponibles, imagen, nombre, descuento) values ('0191718191317', 'DOM2664988P7', 2, 576176479.32, 525921805, 'http://dummyimage.com/135x100.png/cc0000/ffffff', 'Camilla', 0.636);
insert into producto (codigo_barras, rfc, id_categoria, precio, unidades_disponibles, imagen, nombre, descuento) values ('3121714151718', 'XTN8437327F9', 51, 441075418.49, 61393448, 'http://dummyimage.com/193x100.png/5fa2dd/ffffff', 'Sutton', 0.547);
insert into producto (codigo_barras, rfc, id_categoria, precio, unidades_disponibles, imagen, nombre, descuento) values ('5151113141210', 'AMJ1302205K8', 25, 960021412.36, 762392287, 'http://dummyimage.com/115x100.png/cc0000/ffffff', 'Bob', 0.195);
insert into producto (codigo_barras, rfc, id_categoria, precio, unidades_disponibles, imagen, nombre, descuento) values ('9171714191015', 'KAD6085355R3', 40, 162628706.96, 190143556, 'http://dummyimage.com/130x100.png/5fa2dd/ffffff', 'Salim', 0.46);
insert into producto (codigo_barras, rfc, id_categoria, precio, unidades_disponibles, imagen, nombre, descuento) values ('7181814181817', 'VTR1231299B7', 95, 209724940.58, 863828325, 'http://dummyimage.com/226x100.png/dddddd/000000', 'Zonda', 0.507);
insert into producto (codigo_barras, rfc, id_categoria, precio, unidades_disponibles, imagen, nombre, descuento) values ('2111214181111', 'VEM3143653I4', 26, 689073739.67, 159695681, 'http://dummyimage.com/130x100.png/cc0000/ffffff', 'Beverlee', 0.12);
insert into producto (codigo_barras, rfc, id_categoria, precio, unidades_disponibles, imagen, nombre, descuento) values ('8131816191313', 'MFC3732655J6', 6, 419987291.05, 226512940, 'http://dummyimage.com/174x100.png/cc0000/ffffff', 'Hanan', 0.948);
insert into producto (codigo_barras, rfc, id_categoria, precio, unidades_disponibles, imagen, nombre, descuento) values ('6191416181916', 'GQU2974271O6', 83, 180646888.72, 613099248, 'http://dummyimage.com/244x100.png/5fa2dd/ffffff', 'Jarrad', 0.602);
insert into producto (codigo_barras, rfc, id_categoria, precio, unidades_disponibles, imagen, nombre, descuento) values ('0111219131718', 'PMZ4523957J8', 5, 910820909.97, 968259152, 'http://dummyimage.com/215x100.png/cc0000/ffffff', 'Packston', 0.852);
insert into producto (codigo_barras, rfc, id_categoria, precio, unidades_disponibles, imagen, nombre, descuento) values ('5141912161619', 'OKG0868834J4', 73, 790733968.08, 241452693, 'http://dummyimage.com/166x100.png/cc0000/ffffff', 'Verene', 0.188);
insert into producto (codigo_barras, rfc, id_categoria, precio, unidades_disponibles, imagen, nombre, descuento) values ('4191112151516', 'RUS0666513C3', 25, 725127036.37, 989721218, 'http://dummyimage.com/107x100.png/ff4444/ffffff', 'Aurlie', 0.376);
insert into producto (codigo_barras, rfc, id_categoria, precio, unidades_disponibles, imagen, nombre, descuento) values ('8171512161014', 'GJS6930592L6', 34, 456593677.18, 159430776, 'http://dummyimage.com/233x100.png/cc0000/ffffff', 'Orsa', 0.209);
insert into producto (codigo_barras, rfc, id_categoria, precio, unidades_disponibles, imagen, nombre, descuento) values ('9131317111618', 'FUX9208696E4', 28, 896897659.8, 547913102, 'http://dummyimage.com/142x100.png/cc0000/ffffff', 'Garnette', 0.337);
insert into producto (codigo_barras, rfc, id_categoria, precio, unidades_disponibles, imagen, nombre, descuento) values ('2171510171814', 'AMJ1302205K8', 75, 445136518.61, 748114995, 'http://dummyimage.com/115x100.png/dddddd/000000', 'Moise', 0.168);
insert into producto (codigo_barras, rfc, id_categoria, precio, unidades_disponibles, imagen, nombre, descuento) values ('2101011181410', 'WCM8387908I4', 37, 792576523.49, 11906487, 'http://dummyimage.com/142x100.png/ff4444/ffffff', 'Lionel', 0.055);
insert into producto (codigo_barras, rfc, id_categoria, precio, unidades_disponibles, imagen, nombre, descuento) values ('2141511121316', 'ESY7813043D1', 48, 178353108.24, 370525974, 'http://dummyimage.com/158x100.png/5fa2dd/ffffff', 'Stormy', 0.075);
insert into producto (codigo_barras, rfc, id_categoria, precio, unidades_disponibles, imagen, nombre, descuento) values ('5161410121512', 'LRC9071138L4', 44, 6051288.0, 238995977, 'http://dummyimage.com/234x100.png/5fa2dd/ffffff', 'Farrell', 0.696);
insert into producto (codigo_barras, rfc, id_categoria, precio, unidades_disponibles, imagen, nombre, descuento) values ('9171412131817', 'ESY7813043D1', 24, 541456403.21, 379035592, 'http://dummyimage.com/127x100.png/cc0000/ffffff', 'Waite', 0.806);
insert into producto (codigo_barras, rfc, id_categoria, precio, unidades_disponibles, imagen, nombre, descuento) values ('3121818121718', 'CGQ9212689B4', 78, 235693872.7, 721906782, 'http://dummyimage.com/201x100.png/cc0000/ffffff', 'Tybalt', 0.942);
insert into producto (codigo_barras, rfc, id_categoria, precio, unidades_disponibles, imagen, nombre, descuento) values ('7141214131815', 'MFC3732655J6', 6, 425431271.74, 20674149, 'http://dummyimage.com/191x100.png/5fa2dd/ffffff', 'Winona', 0.908);
insert into producto (codigo_barras, rfc, id_categoria, precio, unidades_disponibles, imagen, nombre, descuento) values ('7181512191912', 'YLO0018575H0', 56, 376428181.69, 28684137, 'http://dummyimage.com/109x100.png/ff4444/ffffff', 'Gary', 0.5);
insert into producto (codigo_barras, rfc, id_categoria, precio, unidades_disponibles, imagen, nombre, descuento) values ('9141512121013', 'PQW5770505B3', 24, 286069885.37, 12649513, 'http://dummyimage.com/218x100.png/5fa2dd/ffffff', 'Deirdre', 0.781);
insert into repartidor (curp_repartidor, fecha_de_nacimiento, genero, calle, estado, municipio, codigo_postal, numero, nombre, apellido_paterno, apellido_materno, salario, horario, calificacion, curp_supervisor) values ('LOJM421131HTSWVJ47', '1998/08/21', 'H', '5th', 'Packers', 'Stephen', 27544, 670, 'Benyamin', 'Littell', 'Hedlestone', '$27781.96', '13:00-21:00', 10, 'LOJM421131HTSWVJ47');
insert into repartidor (curp_repartidor, fecha_de_nacimiento, genero, calle, estado, municipio, codigo_postal, numero, nombre, apellido_paterno, apellido_materno, salario, horario, calificacion, curp_supervisor) values ('HBAL621131MZSTLY56', '1993/01/26', 'H', 'Anhalt', 'Chinook', 'Loomis', 20152, '048', 'Gothart', 'Wolfer', 'Bannester', '$15175.05', '13:00-21:00', 8, 'LOJM421131HTSWVJ47');
insert into repartidor (curp_repartidor, fecha_de_nacimiento, genero, calle, estado, municipio, codigo_postal, numero, nombre, apellido_paterno, apellido_materno, salario, horario, calificacion, curp_supervisor) values ('DLGF821131MYNBXM09', '1994/06/27', 'M', 'Sunbrook', 'Northridge', 'Mesta', '07147', '594', 'Ulises', 'Egginson', 'Growcock', '$23167.12', '12:00-20:00', 8, 'LOJM421131HTSWVJ47');
insert into repartidor (curp_repartidor, fecha_de_nacimiento, genero, calle, estado, municipio, codigo_postal, numero, nombre, apellido_paterno, apellido_materno, salario, horario, calificacion, curp_supervisor) values ('IQPR321230HZSMCW91', '1987/07/26', 'H', 'Laurel', 'Eagan', 'Glacier Hill', '77843', '084', 'Enoch', 'Cubley', 'McGorman', '$26075.38', '13:00-21:00', 10, 'LOJM421131HTSWVJ47');
insert into repartidor (curp_repartidor, fecha_de_nacimiento, genero, calle, estado, municipio, codigo_postal, numero, nombre, apellido_paterno, apellido_materno, salario, horario, calificacion, curp_supervisor) values ('EFSG521231MZSNPB78', '1977/09/19', 'M', 'Loftsgordon', 'Park Meadow', 'John Wall', '17095', '192', 'Matthus', 'Taill', 'Braidman', '$25761.05', '13:00-21:00', 6, 'LOJM421131HTSWVJ47');
insert into repartidor (curp_repartidor, fecha_de_nacimiento, genero, calle, estado, municipio, codigo_postal, numero, nombre, apellido_paterno, apellido_materno, salario, horario, calificacion, curp_supervisor) values ('GPXS821113MVZBWT98', '1996/10/21', 'H', 'Raven', 'Hansons', '4th', '93298', '963', 'Marcellus', 'Ennever', 'Giacoboni', '$22972.34', '11:00-19:00', 10, 'LOJM421131HTSWVJ47');
insert into repartidor (curp_repartidor, fecha_de_nacimiento, genero, calle, estado, municipio, codigo_postal, numero, nombre, apellido_paterno, apellido_materno, salario, horario, calificacion, curp_supervisor) values ('XFHT721216MYNJQA50', '1983/12/09', 'M', 'Trailsway', 'Spohn', 'Northwestern', '46338', '551', 'Chet', 'Dulinty', 'Marciskewski', '$20878.46', '11:00-19:00', 8, 'LOJM421131HTSWVJ47');
insert into repartidor (curp_repartidor, fecha_de_nacimiento, genero, calle, estado, municipio, codigo_postal, numero, nombre, apellido_paterno, apellido_materno, salario, horario, calificacion, curp_supervisor) values ('SJGO720331HVZEMS58', '1984/11/20', 'H', 'Melody', 'Merry', 'Esker', '57520', '614', 'Moritz', 'Hunston', 'Shephard', '$15895.86', '11:00-19:00', 10, 'LOJM421131HTSWVJ47');
insert into repartidor (curp_repartidor, fecha_de_nacimiento, genero, calle, estado, municipio, codigo_postal, numero, nombre, apellido_paterno, apellido_materno, salario, horario, calificacion, curp_supervisor) values ('AGPN521117HVZYQH48', '1990/07/24', 'H', 'Quincy', 'Monument', 'Gulseth', '71203', '953', 'Mallory', 'Walbrun', 'Southorn', '$20732.09', '13:00-21:00', 10, 'LOJM421131HTSWVJ47');
insert into repartidor (curp_repartidor, fecha_de_nacimiento, genero, calle, estado, municipio, codigo_postal, numero, nombre, apellido_paterno, apellido_materno, salario, horario, calificacion, curp_supervisor) values ('AIRJ621216MYNYMX08', '1972/06/03', 'H', 'Claremont', 'Pearson', 'Sauthoff', '61448', '383', 'Arman', 'Cleveland', 'Penniell', '$19780.45', '12:00-20:00', 8, 'LOJM421131HTSWVJ47');
insert into repartidor (curp_repartidor, fecha_de_nacimiento, genero, calle, estado, municipio, codigo_postal, numero, nombre, apellido_paterno, apellido_materno, salario, horario, calificacion, curp_supervisor) values ('VIXM620731HZSEDX24', '1977/11/22', 'H', 'Lukken', 'Comanche', 'Meadow Valley', '43299', '581', 'Elliot', 'Punch', 'Lant', '$20486.05', '13:00-21:00', 6, 'LOJM421131HTSWVJ47');
insert into repartidor (curp_repartidor, fecha_de_nacimiento, genero, calle, estado, municipio, codigo_postal, numero, nombre, apellido_paterno, apellido_materno, salario, horario, calificacion, curp_supervisor) values ('FSXP721205MZSAJT80', '1995/10/14', 'H', 'Carpenter', 'Miller', 'Onsgard', '34951', '830', 'Wayland', 'Moorhead', 'Try', '$17572.63', '13:00-21:00', 7, 'LOJM421131HTSWVJ47');
insert into repartidor (curp_repartidor, fecha_de_nacimiento, genero, calle, estado, municipio, codigo_postal, numero, nombre, apellido_paterno, apellido_materno, salario, horario, calificacion, curp_supervisor) values ('JICQ921231HZSBVG40', '1976/11/17', 'M', 'Loeprich', 'Magdeline', 'Crownhardt', '57449', '278', 'Selby', 'Crayden', 'Learmonth', '$17915.66', '12:00-20:00', 9, 'LOJM421131HTSWVJ47');
insert into repartidor (curp_repartidor, fecha_de_nacimiento, genero, calle, estado, municipio, codigo_postal, numero, nombre, apellido_paterno, apellido_materno, salario, horario, calificacion, curp_supervisor) values ('XKGH621000MZSGXU17', '1992/02/04', 'H', 'David', 'Reindahl', 'Starling', '20962', '941', 'Butch', 'Pycock', 'Bushell', '$20139.96', '13:00-21:00', 10, 'LOJM421131HTSWVJ47');
insert into repartidor (curp_repartidor, fecha_de_nacimiento, genero, calle, estado, municipio, codigo_postal, numero, nombre, apellido_paterno, apellido_materno, salario, horario, calificacion, curp_supervisor) values ('GHJL121231HYNLRO21', '1992/07/09', 'H', 'South', 'Sage', '3rd', '27893', '945', 'Hobey', 'Kisting', 'Muller', '$12749.91', '13:00-21:00', 10, 'LOJM421131HTSWVJ47');
insert into repartidor (curp_repartidor, fecha_de_nacimiento, genero, calle, estado, municipio, codigo_postal, numero, nombre, apellido_paterno, apellido_materno, salario, horario, calificacion, curp_supervisor) values ('UICH421231HZSMKE02', '1973/08/20', 'M', 'Packers', 'Monica', 'Spohn', '41528', '955', 'Way', 'Balstone', 'Schubart', '$23919.50', '13:00-21:00', 9, 'LOJM421131HTSWVJ47');
insert into repartidor (curp_repartidor, fecha_de_nacimiento, genero, calle, estado, municipio, codigo_postal, numero, nombre, apellido_paterno, apellido_materno, salario, horario, calificacion, curp_supervisor) values ('SZHA821231HYNCYW84', '1992/08/01', 'H', 'Mitchell', 'Del Sol', 'West', '62557', '407', 'Tully', 'McKibben', 'Vogeller', '$13829.56', '13:00-21:00', 9, 'LOJM421131HTSWVJ47');
insert into repartidor (curp_repartidor, fecha_de_nacimiento, genero, calle, estado, municipio, codigo_postal, numero, nombre, apellido_paterno, apellido_materno, salario, horario, calificacion, curp_supervisor) values ('JGBV021209HZSSWX26', '1999/01/04', 'H', 'Messerschmidt', 'Dixon', 'Dwight', '09352', '687', 'Lion', 'Nestor', 'Morrish', '$16916.40', '12:00-20:00', 8, 'LOJM421131HTSWVJ47');
insert into repartidor (curp_repartidor, fecha_de_nacimiento, genero, calle, estado, municipio, codigo_postal, numero, nombre, apellido_paterno, apellido_materno, salario, horario, calificacion, curp_supervisor) values ('AWMB121231HZSATI77', '1999/10/22', 'H', 'Ilene', 'Fairfield', 'Amoth', '06049', '838', 'Giselbert', 'Dunkersley', 'Cancellor', '$24268.80', '11:00-19:00', 10, 'LOJM421131HTSWVJ47');
insert into repartidor (curp_repartidor, fecha_de_nacimiento, genero, calle, estado, municipio, codigo_postal, numero, nombre, apellido_paterno, apellido_materno, salario, horario, calificacion, curp_supervisor) values ('WCHV321031MTSDFW82', '1998/04/09', 'M', 'Dayton', 'Maryland', 'Havey', '32914', '795', 'Dugald', 'MacMearty', 'Antoniades', '$12612.74', '12:00-20:00', 10, 'LOJM421131HTSWVJ47');
insert into repartidor (curp_repartidor, fecha_de_nacimiento, genero, calle, estado, municipio, codigo_postal, numero, nombre, apellido_paterno, apellido_materno, salario, horario, calificacion, curp_supervisor) values ('BLTF621209HTCRZJ09', '1980/03/03', 'H', 'Dahle', 'Spohn', 'Eastlawn', '38953', '305', 'Toddie', 'Bohlens', 'Werndley', '$13402.98', '13:00-21:00', 10, 'LOJM421131HTSWVJ47');
insert into repartidor (curp_repartidor, fecha_de_nacimiento, genero, calle, estado, municipio, codigo_postal, numero, nombre, apellido_paterno, apellido_materno, salario, horario, calificacion, curp_supervisor) values ('HQSR321031MYNWYZ62', '1974/07/25', 'H', 'Emmet', 'Buhler', 'Milwaukee', '38566', '357', 'Jarad', 'Hamilton', 'Arrighini', '$26658.49', '13:00-21:00', 10, 'LOJM421131HTSWVJ47');
insert into repartidor (curp_repartidor, fecha_de_nacimiento, genero, calle, estado, municipio, codigo_postal, numero, nombre, apellido_paterno, apellido_materno, salario, horario, calificacion, curp_supervisor) values ('LGMH321113MZSMNJ52', '1979/11/15', 'M', 'Tomscot', 'Fremont', 'Mandrake', '98576', '711', 'Amory', 'Chadbourn', 'Mosley', '$29205.04', '12:00-20:00', 6, 'LOJM421131HTSWVJ47');
insert into repartidor (curp_repartidor, fecha_de_nacimiento, genero, calle, estado, municipio, codigo_postal, numero, nombre, apellido_paterno, apellido_materno, salario, horario, calificacion, curp_supervisor) values ('IDEX321213HZSFDG13', '1985/03/07', 'H', 'Gerald', 'Quincy', 'Dixon', '50959', '447', 'Rutherford', 'Cowdery', 'Minchinton', '$13826.73', '13:00-21:00', 8, 'LOJM421131HTSWVJ47');
insert into repartidor (curp_repartidor, fecha_de_nacimiento, genero, calle, estado, municipio, codigo_postal, numero, nombre, apellido_paterno, apellido_materno, salario, horario, calificacion, curp_supervisor) values ('KDZQ021130MTSGIN78', '1980/06/18', 'M', 'Farmco', 'Corry', 'Straubel', '12462', '860', 'Adan', 'Crysell', 'Smerdon', '$29958.92', '13:00-21:00', 6, 'LOJM421131HTSWVJ47');
insert into repartidor (curp_repartidor, fecha_de_nacimiento, genero, calle, estado, municipio, codigo_postal, numero, nombre, apellido_paterno, apellido_materno, salario, horario, calificacion, curp_supervisor) values ('SBPN421030HZSMRZ70', '1988/02/22', 'H', 'Novick', 'Mayfield', 'Crescent Oaks', '17970', '616', 'Rip', 'Shallow', 'Crocetto', '$17200.71', '11:00-19:00', 9, 'LOJM421131HTSWVJ47');
insert into repartidor (curp_repartidor, fecha_de_nacimiento, genero, calle, estado, municipio, codigo_postal, numero, nombre, apellido_paterno, apellido_materno, salario, horario, calificacion, curp_supervisor) values ('IWFM121231MVZTZM06', '1975/11/01', 'H', 'Longview', 'Towne', 'Loomis', '92718', '961', 'Glenn', 'Siddons', 'Keward', '$17433.96', '12:00-20:00', 9, 'LOJM421131HTSWVJ47');
insert into repartidor (curp_repartidor, fecha_de_nacimiento, genero, calle, estado, municipio, codigo_postal, numero, nombre, apellido_paterno, apellido_materno, salario, horario, calificacion, curp_supervisor) values ('DMIS521231MZSMRJ82', '1990/03/27', 'M', 'Hermina', 'Straubel', 'Morningstar', '70898', '160', 'Chester', 'McCaughren', 'Bonaire', '$11789.77', '12:00-20:00', 10, 'LOJM421131HTSWVJ47');
insert into repartidor (curp_repartidor, fecha_de_nacimiento, genero, calle, estado, municipio, codigo_postal, numero, nombre, apellido_paterno, apellido_materno, salario, horario, calificacion, curp_supervisor) values ('VJTP121115MYNSOX03', '1989/03/15', 'H', 'South', 'Rieder', 'Bunker Hill', '01897', '576', 'Had', 'Steane', 'Bannister', '$22046.33', '13:00-21:00', 6, 'LOJM421131HTSWVJ47');
insert into repartidor (curp_repartidor, fecha_de_nacimiento, genero, calle, estado, municipio, codigo_postal, numero, nombre, apellido_paterno, apellido_materno, salario, horario, calificacion, curp_supervisor) values ('WGAR321231MYNTYF48', '1996/09/04', 'M', 'Londonderry', 'Briar Crest', 'Arkansas', '28028', '270', 'Fabien', 'Liddington', 'Karlolczak', '$19991.30', '13:00-21:00', 9, 'LOJM421131HTSWVJ47');
insert into repartidor (curp_repartidor, fecha_de_nacimiento, genero, calle, estado, municipio, codigo_postal, numero, nombre, apellido_paterno, apellido_materno, salario, horario, calificacion, curp_supervisor) values ('CNYW021131HYNXLY65', '1999/10/11', 'M', 'Blaine', 'Warner', 'Victoria', '46870', '032', 'Quintus', 'Dewbury', 'Tennick', '$13090.49', '11:00-19:00', 7, 'LOJM421131HTSWVJ47');
insert into repartidor (curp_repartidor, fecha_de_nacimiento, genero, calle, estado, municipio, codigo_postal, numero, nombre, apellido_paterno, apellido_materno, salario, horario, calificacion, curp_supervisor) values ('DGXW921230HZSETA04', '1984/08/12', 'H', 'Donald', 'Northview', 'Warner', '11664', '542', 'Akim', 'Juckes', 'Matterson', '$12493.23', '13:00-21:00', 10, 'LOJM421131HTSWVJ47');
insert into repartidor (curp_repartidor, fecha_de_nacimiento, genero, calle, estado, municipio, codigo_postal, numero, nombre, apellido_paterno, apellido_materno, salario, horario, calificacion, curp_supervisor) values ('DGTM621207HZSZBO66', '1989/08/24', 'M', 'Golf', 'Hazelcrest', 'Lukken', '27061', '417', 'Levi', 'Power', 'Righy', '$21111.28', '13:00-21:00', 9, 'LOJM421131HTSWVJ47');
insert into repartidor (curp_repartidor, fecha_de_nacimiento, genero, calle, estado, municipio, codigo_postal, numero, nombre, apellido_paterno, apellido_materno, salario, horario, calificacion, curp_supervisor) values ('FQJG621031HVZZRA09', '1987/09/24', 'M', 'Bobwhite', 'David', 'Saint Paul', '59596', '375', 'Earle', 'Farnham', 'Manners', '$26587.46', '13:00-21:00', 10, 'LOJM421131HTSWVJ47');
insert into repartidor (curp_repartidor, fecha_de_nacimiento, genero, calle, estado, municipio, codigo_postal, numero, nombre, apellido_paterno, apellido_materno, salario, horario, calificacion, curp_supervisor) values ('JFEW421231MTSUQT82', '1981/09/12', 'H', 'Westridge', 'Granby', 'Del Sol', '35736', '136', 'Dalton', 'Boyne', 'Benzies', '$11124.13', '11:00-19:00', 8, 'LOJM421131HTSWVJ47');
insert into repartidor (curp_repartidor, fecha_de_nacimiento, genero, calle, estado, municipio, codigo_postal, numero, nombre, apellido_paterno, apellido_materno, salario, horario, calificacion, curp_supervisor) values ('GBFV921131MYNWIX81', '1986/07/08', 'H', 'Crest Line', 'Buena Vista', 'Utah', '29466', '121', 'Tome', 'Sherwood', 'Chill', '$15055.82', '12:00-20:00', 9, 'LOJM421131HTSWVJ47');
insert into repartidor (curp_repartidor, fecha_de_nacimiento, genero, calle, estado, municipio, codigo_postal, numero, nombre, apellido_paterno, apellido_materno, salario, horario, calificacion, curp_supervisor) values ('CJFP521030MTSLMA16', '1995/02/13', 'H', 'Holmberg', 'Bluestem', '8th', '10466', '293', 'Jim', 'Fritter', 'Hellard', '$26430.41', '12:00-20:00', 10, 'LOJM421131HTSWVJ47');
insert into repartidor (curp_repartidor, fecha_de_nacimiento, genero, calle, estado, municipio, codigo_postal, numero, nombre, apellido_paterno, apellido_materno, salario, horario, calificacion, curp_supervisor) values ('GYCO821231HYNDJB26', '1981/12/02', 'H', 'Cardinal', 'Commercial', 'Warrior', '14142', '738', 'Berty', 'Garrattley', 'Fernandes', '$22550.30', '12:00-20:00', 10, 'LOJM421131HTSWVJ47');
insert into repartidor (curp_repartidor, fecha_de_nacimiento, genero, calle, estado, municipio, codigo_postal, numero, nombre, apellido_paterno, apellido_materno, salario, horario, calificacion, curp_supervisor) values ('WMQI921231MZSQMP83', '1985/10/04', 'M', 'Bellgrove', 'Dottie', 'Londonderry', '86844', '433', 'Sanson', 'Reignard', 'Bissill', '$23059.14', '13:00-21:00', 10, 'LOJM421131HTSWVJ47');
insert into repartidor (curp_repartidor, fecha_de_nacimiento, genero, calle, estado, municipio, codigo_postal, numero, nombre, apellido_paterno, apellido_materno, salario, horario, calificacion, curp_supervisor) values ('WDMU621130HZSCQJ71', '1975/01/25', 'M', '3rd', 'Bayside', 'Briar Crest', '97142', '835', 'Tate', 'Crumpton', 'Giacomozzo', '$25640.18', '11:00-19:00', 10, 'LOJM421131HTSWVJ47');
insert into repartidor (curp_repartidor, fecha_de_nacimiento, genero, calle, estado, municipio, codigo_postal, numero, nombre, apellido_paterno, apellido_materno, salario, horario, calificacion, curp_supervisor) values ('NTEW221231HZSUCM73', '1974/09/26', 'M', 'Mariners Cove', 'Veith', 'Sycamore', '70110', '015', 'Mason', 'Tatchell', 'Giff', '$10827.98', '13:00-21:00', 10, 'LOJM421131HTSWVJ47');
insert into repartidor (curp_repartidor, fecha_de_nacimiento, genero, calle, estado, municipio, codigo_postal, numero, nombre, apellido_paterno, apellido_materno, salario, horario, calificacion, curp_supervisor) values ('EXCA921131HZSFIB29', '1971/12/28', 'M', 'Tony', 'Twin Pines', 'Burrows', '66595', '179', 'Zared', 'Simonds', 'Alcide', '$13062.75', '13:00-21:00', 10, 'LOJM421131HTSWVJ47');
insert into repartidor (curp_repartidor, fecha_de_nacimiento, genero, calle, estado, municipio, codigo_postal, numero, nombre, apellido_paterno, apellido_materno, salario, horario, calificacion, curp_supervisor) values ('LEWC320701MYNGLC28', '1999/08/27', 'M', 'Wayridge', 'Raven', 'Huxley', '47953', '400', 'Kalle', 'Binne', 'Mabbe', '$17864.75', '11:00-19:00', 7, 'LOJM421131HTSWVJ47');
insert into repartidor (curp_repartidor, fecha_de_nacimiento, genero, calle, estado, municipio, codigo_postal, numero, nombre, apellido_paterno, apellido_materno, salario, horario, calificacion, curp_supervisor) values ('BXJN021204HSRMAD98', '1982/01/10', 'M', 'Portage', 'Talisman', 'Dorton', '21838', '428', 'Cointon', 'Covell', 'Vondra', '$18719.65', '13:00-21:00', 7, 'LOJM421131HTSWVJ47');
insert into repartidor (curp_repartidor, fecha_de_nacimiento, genero, calle, estado, municipio, codigo_postal, numero, nombre, apellido_paterno, apellido_materno, salario, horario, calificacion, curp_supervisor) values ('FADB421231MZSTMV32', '1970/06/23', 'H', 'Truax', 'Rieder', 'Blackbird', '60649', '386', 'Kristofor', 'Demke', 'Wolters', '$25219.84', '13:00-21:00', 10, 'LOJM421131HTSWVJ47');
insert into repartidor (curp_repartidor, fecha_de_nacimiento, genero, calle, estado, municipio, codigo_postal, numero, nombre, apellido_paterno, apellido_materno, salario, horario, calificacion, curp_supervisor) values ('JLWQ221207HTSUVW22', '2000/03/03', 'M', 'Darwin', 'Linden', 'Mosinee', '86482', '309', 'Ole', 'Saines', 'Fortie', '$20225.94', '10:00-18:00', 9, 'LOJM421131HTSWVJ47');
insert into repartidor (curp_repartidor, fecha_de_nacimiento, genero, calle, estado, municipio, codigo_postal, numero, nombre, apellido_paterno, apellido_materno, salario, horario, calificacion, curp_supervisor) values ('DWOT120031HYNPAG86', '1986/05/30', 'M', 'Coleman', 'Riverside', 'Scofield', '33247', '839', 'Gannon', 'Codi', 'Snugg', '$27032.40', '13:00-21:00', 10, 'LOJM421131HTSWVJ47');
insert into repartidor (curp_repartidor, fecha_de_nacimiento, genero, calle, estado, municipio, codigo_postal, numero, nombre, apellido_paterno, apellido_materno, salario, horario, calificacion, curp_supervisor) values ('CFIZ721031HTCQMG24', '1992/03/16', 'H', 'Goodland', 'Novick', 'Lyons', '19777', '475', 'Earle', 'Lapsley', 'Pitcher', '$13810.37', '13:00-21:00', 6, 'LOJM421131HTSWVJ47');
insert into repartidor (curp_repartidor, fecha_de_nacimiento, genero, calle, estado, municipio, codigo_postal, numero, nombre, apellido_paterno, apellido_materno, salario, horario, calificacion, curp_supervisor) values ('NXSM221231MYNSBY82', '1990/10/16', 'H', 'Sachtjen', 'Pierstorff', 'Welch', '19971', '408', 'Hakim', 'Andrey', 'Dellar', '$16650.39', '12:00-20:00', 9, 'LOJM421131HTSWVJ47');
insert into repartidor (curp_repartidor, fecha_de_nacimiento, genero, calle, estado, municipio, codigo_postal, numero, nombre, apellido_paterno, apellido_materno, salario, horario, calificacion, curp_supervisor) values ('LRVU521210MZSTBF58', '1984/12/10', 'M', 'Jenna', 'Merrick', 'Parkside', '90293', '430', 'Wat', 'Tookill', 'Noblet', '$12883.67', '12:00-20:00', 10, 'LOJM421131HTSWVJ47');
insert into repartidor (curp_repartidor, fecha_de_nacimiento, genero, calle, estado, municipio, codigo_postal, numero, nombre, apellido_paterno, apellido_materno, salario, horario, calificacion, curp_supervisor) values ('DMVY221231MTSNCS95', '1995/10/23', 'H', 'Sherman', 'Independence', 'Artisan', '48029', '695', 'Cozmo', 'Priestley', 'Kirsz', '$20237.68', '13:00-21:00', 6, 'LOJM421131HTSWVJ47');
insert into repartidor (curp_repartidor, fecha_de_nacimiento, genero, calle, estado, municipio, codigo_postal, numero, nombre, apellido_paterno, apellido_materno, salario, horario, calificacion, curp_supervisor) values ('LHQZ221203MZSJDP05', '1997/11/23', 'M', 'Continental', 'Cody', 'Moland', '83635', '309', 'Mayne', 'Curzon', 'McGraw', '$27035.32', '13:00-21:00', 9, 'LOJM421131HTSWVJ47');
insert into repartidor (curp_repartidor, fecha_de_nacimiento, genero, calle, estado, municipio, codigo_postal, numero, nombre, apellido_paterno, apellido_materno, salario, horario, calificacion, curp_supervisor) values ('LGBI721117HZSUZF58', '1974/03/31', 'H', 'Cherokee', 'Hanson', 'Summit', '05548', '590', 'Dante', 'Kempston', 'Plant', '$28446.96', '11:00-19:00', 7, 'LOJM421131HTSWVJ47');
insert into repartidor (curp_repartidor, fecha_de_nacimiento, genero, calle, estado, municipio, codigo_postal, numero, nombre, apellido_paterno, apellido_materno, salario, horario, calificacion, curp_supervisor) values ('XCZJ721231MZSUHM37', '1991/09/13', 'H', 'Steensland', 'Loomis', 'Shelley', '06994', '931', 'Frazer', 'Ginnelly', 'Jirzik', '$22452.48', '13:00-21:00', 10, 'LOJM421131HTSWVJ47');
insert into repartidor (curp_repartidor, fecha_de_nacimiento, genero, calle, estado, municipio, codigo_postal, numero, nombre, apellido_paterno, apellido_materno, salario, horario, calificacion, curp_supervisor) values ('WENS521200MVZHKD52', '1982/05/13', 'M', 'Hanover', 'Arapahoe', 'Novick', '40688', '477', 'Cazzie', 'Peaker', 'Bastock', '$26406.05', '11:00-19:00', 10, 'LOJM421131HTSWVJ47');
insert into repartidor (curp_repartidor, fecha_de_nacimiento, genero, calle, estado, municipio, codigo_postal, numero, nombre, apellido_paterno, apellido_materno, salario, horario, calificacion, curp_supervisor) values ('HSPT121130MVZYGR35', '1993/03/21', 'H', 'Raven', 'Veith', 'Bunting', '12180', '022', 'Gay', 'Favela', 'Kose', '$17076.12', '13:00-21:00', 10, 'LOJM421131HTSWVJ47');
insert into repartidor (curp_repartidor, fecha_de_nacimiento, genero, calle, estado, municipio, codigo_postal, numero, nombre, apellido_paterno, apellido_materno, salario, horario, calificacion, curp_supervisor) values ('MXEH721131MTSFUJ22', '1991/11/05', 'H', 'Shasta', 'Sutherland', 'Melby', '53537', '361', 'Hervey', 'Siderfin', 'Crowcum', '$21355.17', '12:00-20:00', 10, 'LOJM421131HTSWVJ47');
insert into repartidor (curp_repartidor, fecha_de_nacimiento, genero, calle, estado, municipio, codigo_postal, numero, nombre, apellido_paterno, apellido_materno, salario, horario, calificacion, curp_supervisor) values ('ZXAQ121131HZSQCL79', '1972/12/21', 'H', 'Larry', 'Schmedeman', 'Esker', '24658', '062', 'Geno', 'Huller', 'Killick', '$27181.90', '12:00-20:00', 6, 'LOJM421131HTSWVJ47');
insert into repartidor (curp_repartidor, fecha_de_nacimiento, genero, calle, estado, municipio, codigo_postal, numero, nombre, apellido_paterno, apellido_materno, salario, horario, calificacion, curp_supervisor) values ('IDYV921202MZSUVL52', '1982/04/20', 'H', 'Thompson', 'Sauthoff', 'Bultman', '30361', '214', 'Franny', 'Chrichton', 'Grace', '$20238.38', '13:00-21:00', 10, 'LOJM421131HTSWVJ47');
insert into repartidor (curp_repartidor, fecha_de_nacimiento, genero, calle, estado, municipio, codigo_postal, numero, nombre, apellido_paterno, apellido_materno, salario, horario, calificacion, curp_supervisor) values ('WOAH021231MZSOEM37', '1990/07/07', 'M', 'Raven', 'Debs', 'Troy', '06471', '345', 'Herc', 'Pointon', 'Dymick', '$19591.52', '13:00-21:00', 7, 'LOJM421131HTSWVJ47');
insert into repartidor (curp_repartidor, fecha_de_nacimiento, genero, calle, estado, municipio, codigo_postal, numero, nombre, apellido_paterno, apellido_materno, salario, horario, calificacion, curp_supervisor) values ('RDJZ921231MTCQLK08', '1997/12/18', 'H', 'Haas', 'Johnson', 'Dapin', '72794', '511', 'Boniface', 'Reubel', 'Marzelo', '$25174.40', '11:00-19:00', 9, 'LOJM421131HTSWVJ47');
insert into repartidor (curp_repartidor, fecha_de_nacimiento, genero, calle, estado, municipio, codigo_postal, numero, nombre, apellido_paterno, apellido_materno, salario, horario, calificacion, curp_supervisor) values ('UFBX521131MSRDLT78', '1997/04/19', 'M', 'Barnett', 'Beilfuss', 'Golf View', '85973', '649', 'Krispin', 'Devitt', 'Capron', '$26172.99', '13:00-21:00', 10, 'LOJM421131HTSWVJ47');
insert into repartidor (curp_repartidor, fecha_de_nacimiento, genero, calle, estado, municipio, codigo_postal, numero, nombre, apellido_paterno, apellido_materno, salario, horario, calificacion, curp_supervisor) values ('FLER321116MTSNTD25', '1981/04/15', 'M', 'Holmberg', 'Novick', 'Towne', '55046', '367', 'Garry', 'Desmond', 'Brentnall', '$19132.16', '13:00-21:00', 9, 'LOJM421131HTSWVJ47');
insert into repartidor (curp_repartidor, fecha_de_nacimiento, genero, calle, estado, municipio, codigo_postal, numero, nombre, apellido_paterno, apellido_materno, salario, horario, calificacion, curp_supervisor) values ('CUTS121231HZSHRV20', '1970/04/14', 'M', 'Redwing', 'Kim', 'Melody', '09333', '438', 'Lyn', 'Bruckental', 'Milesop', '$29340.19', '12:00-20:00', 8, 'LOJM421131HTSWVJ47');
insert into repartidor (curp_repartidor, fecha_de_nacimiento, genero, calle, estado, municipio, codigo_postal, numero, nombre, apellido_paterno, apellido_materno, salario, horario, calificacion, curp_supervisor) values ('BQLF821212HZSSZF72', '1971/02/02', 'M', 'New Castle', 'Luster', 'Eastlawn', '55329', '858', 'Seward', 'Roskelley', 'Tatersale', '$22650.99', '11:00-19:00', 10, 'LOJM421131HTSWVJ47');
insert into repartidor (curp_repartidor, fecha_de_nacimiento, genero, calle, estado, municipio, codigo_postal, numero, nombre, apellido_paterno, apellido_materno, salario, horario, calificacion, curp_supervisor) values ('OJZQ021230MYNIPR26', '1987/03/19', 'H', 'Badeau', 'Tennessee', 'Forest', '12737', '610', 'Cirilo', 'Worrill', 'Dybald', '$19981.93', '13:00-21:00', 9, 'LOJM421131HTSWVJ47');
insert into repartidor (curp_repartidor, fecha_de_nacimiento, genero, calle, estado, municipio, codigo_postal, numero, nombre, apellido_paterno, apellido_materno, salario, horario, calificacion, curp_supervisor) values ('VHJK421030HVZXQH47', '1997/09/29', 'H', 'Merchant', 'Twin Pines', 'Mesta', '32309', '396', 'Nickola', 'Forber', 'Huggin', '$22887.39', '13:00-21:00', 8, 'LOJM421131HTSWVJ47');
insert into repartidor (curp_repartidor, fecha_de_nacimiento, genero, calle, estado, municipio, codigo_postal, numero, nombre, apellido_paterno, apellido_materno, salario, horario, calificacion, curp_supervisor) values ('DRCW921231MZSQAG46', '1986/09/04', 'H', 'Autumn Leaf', 'Kedzie', 'Summerview', '13615', '802', 'Saxe', 'Ollington', 'Quimby', '$22759.17', '13:00-21:00', 9, 'LOJM421131HTSWVJ47');
insert into repartidor (curp_repartidor, fecha_de_nacimiento, genero, calle, estado, municipio, codigo_postal, numero, nombre, apellido_paterno, apellido_materno, salario, horario, calificacion, curp_supervisor) values ('XTWD921119HYNZDQ33', '1985/10/23', 'H', 'Artisan', 'Messerschmidt', 'Hooker', '72788', '383', 'Waldo', 'Terbrugge', 'Tavener', '$16738.39', '12:00-20:00', 10, 'LOJM421131HTSWVJ47');
insert into repartidor (curp_repartidor, fecha_de_nacimiento, genero, calle, estado, municipio, codigo_postal, numero, nombre, apellido_paterno, apellido_materno, salario, horario, calificacion, curp_supervisor) values ('WUTD721030HVZJZV74', '1994/09/29', 'H', 'Victoria', 'Hansons', 'Boyd', '37263', '403', 'Kippy', 'Carrodus', 'Rosoman', '$23099.43', '12:00-20:00', 10, 'LOJM421131HTSWVJ47');
insert into repartidor (curp_repartidor, fecha_de_nacimiento, genero, calle, estado, municipio, codigo_postal, numero, nombre, apellido_paterno, apellido_materno, salario, horario, calificacion, curp_supervisor) values ('LHKN321130MZSPJR06', '1989/10/22', 'M', 'Burrows', 'Haas', 'Shasta', '55513', '224', 'Boycie', 'Desantis', 'Jorez', '$10637.60', '12:00-20:00', 10, 'LOJM421131HTSWVJ47');
insert into repartidor (curp_repartidor, fecha_de_nacimiento, genero, calle, estado, municipio, codigo_postal, numero, nombre, apellido_paterno, apellido_materno, salario, horario, calificacion, curp_supervisor) values ('BMDJ921131MZSLYK19', '1978/05/13', 'M', 'Westend', 'Atwood', 'Nobel', '24141', '193', 'Cull', 'Beniesh', 'Scouller', '$22508.09', '10:00-18:00', 10, 'LOJM421131HTSWVJ47');
insert into repartidor (curp_repartidor, fecha_de_nacimiento, genero, calle, estado, municipio, codigo_postal, numero, nombre, apellido_paterno, apellido_materno, salario, horario, calificacion, curp_supervisor) values ('PDGK421131HYNUFS04', '1991/02/19', 'H', 'Twin Pines', 'Chinook', 'Riverside', '33841', '978', 'Hilario', 'Caldron', 'Rampage', '$21943.25', '13:00-21:00', 10, 'LOJM421131HTSWVJ47');
insert into repartidor (curp_repartidor, fecha_de_nacimiento, genero, calle, estado, municipio, codigo_postal, numero, nombre, apellido_paterno, apellido_materno, salario, horario, calificacion, curp_supervisor) values ('KWMD421231HVZIMT92', '1994/02/17', 'M', 'South', 'Stang', 'Dwight', '66204', '160', 'Husain', 'Philippard', 'Shama', '$20130.32', '13:00-21:00', 8, 'LOJM421131HTSWVJ47');
insert into repartidor (curp_repartidor, fecha_de_nacimiento, genero, calle, estado, municipio, codigo_postal, numero, nombre, apellido_paterno, apellido_materno, salario, horario, calificacion, curp_supervisor) values ('FXZM921231MZSBRU13', '1997/08/29', 'H', 'Arapahoe', 'Spenser', 'Thackeray', '41558', '553', 'Merv', 'Godehard.sf', 'Fridd', '$11715.39', '13:00-21:00', 10, 'LOJM421131HTSWVJ47');
insert into repartidor (curp_repartidor, fecha_de_nacimiento, genero, calle, estado, municipio, codigo_postal, numero, nombre, apellido_paterno, apellido_materno, salario, horario, calificacion, curp_supervisor) values ('KSGI821231HYNYSH54', '1986/10/05', 'M', 'Rowland', 'Pankratz', 'Paget', '23011', '203', 'Cosmo', 'Artz', 'Quin', '$16163.14', '13:00-21:00', 8, 'LOJM421131HTSWVJ47');
insert into repartidor (curp_repartidor, fecha_de_nacimiento, genero, calle, estado, municipio, codigo_postal, numero, nombre, apellido_paterno, apellido_materno, salario, horario, calificacion, curp_supervisor) values ('ICJP721118HZSUKJ33', '1977/07/04', 'M', 'Lunder', 'Forster', 'Gulseth', '08628', '749', 'Chester', 'Disbrey', 'Kleisel', '$27471.83', '10:00-18:00', 10, 'LOJM421131HTSWVJ47');
insert into repartidor (curp_repartidor, fecha_de_nacimiento, genero, calle, estado, municipio, codigo_postal, numero, nombre, apellido_paterno, apellido_materno, salario, horario, calificacion, curp_supervisor) values ('VPJL820000MYNMCK71', '1986/10/11', 'H', 'Montana', 'Helena', 'Anderson', '20523', '072', 'Reynolds', 'Befroy', 'Spybey', '$16571.00', '13:00-21:00', 10, 'LOJM421131HTSWVJ47');
insert into repartidor (curp_repartidor, fecha_de_nacimiento, genero, calle, estado, municipio, codigo_postal, numero, nombre, apellido_paterno, apellido_materno, salario, horario, calificacion, curp_supervisor) values ('XJMP021131HZSELV39', '1995/04/12', 'M', 'Shelley', 'Saint Paul', 'Anthes', '00448', '351', 'Zed', 'Guillain', 'Money', '$18943.72', '12:00-20:00', 9, 'LOJM421131HTSWVJ47');
insert into repartidor (curp_repartidor, fecha_de_nacimiento, genero, calle, estado, municipio, codigo_postal, numero, nombre, apellido_paterno, apellido_materno, salario, horario, calificacion, curp_supervisor) values ('MVIH921130MZSNEK36', '1981/07/23', 'H', 'Fair Oaks', 'Anzinger', 'Fair Oaks', '86498', '659', 'Sonnie', 'Forten', 'Duggon', '$24364.61', '13:00-21:00', 6, 'LOJM421131HTSWVJ47');
insert into repartidor (curp_repartidor, fecha_de_nacimiento, genero, calle, estado, municipio, codigo_postal, numero, nombre, apellido_paterno, apellido_materno, salario, horario, calificacion, curp_supervisor) values ('BHCI521001MVZCWH93', '1990/06/14', 'M', 'Stephen', 'Oxford', 'Nobel', '08854', '558', 'Richard', 'Kerfoot', 'Teffrey', '$14514.74', '13:00-21:00', 6, 'LOJM421131HTSWVJ47');
insert into repartidor (curp_repartidor, fecha_de_nacimiento, genero, calle, estado, municipio, codigo_postal, numero, nombre, apellido_paterno, apellido_materno, salario, horario, calificacion, curp_supervisor) values ('CDYW321130HVZONA75', '1976/11/25', 'M', 'Sachtjen', 'Truax', 'Mitchell', '16229', '431', 'Abe', 'Bowskill', 'Bater', '$16774.36', '13:00-21:00', 10, 'LOJM421131HTSWVJ47');
insert into repartidor (curp_repartidor, fecha_de_nacimiento, genero, calle, estado, municipio, codigo_postal, numero, nombre, apellido_paterno, apellido_materno, salario, horario, calificacion, curp_supervisor) values ('QKEI420407MYNMDL69', '1972/07/09', 'M', 'Weeping Birch', 'Badeau', 'La Follette', '26226', '003', 'Anselm', 'Muxworthy', 'Gubbin', '$17133.77', '13:00-21:00', 9, 'LOJM421131HTSWVJ47');
insert into repartidor (curp_repartidor, fecha_de_nacimiento, genero, calle, estado, municipio, codigo_postal, numero, nombre, apellido_paterno, apellido_materno, salario, horario, calificacion, curp_supervisor) values ('PXGZ621015MZSLVJ92', '1976/05/05', 'H', 'Stang', 'Transport', 'Havey', '97397', '698', 'Cyrillus', 'Wardroper', 'Pettie', '$14946.52', '12:00-20:00', 10, 'LOJM421131HTSWVJ47');
insert into repartidor (curp_repartidor, fecha_de_nacimiento, genero, calle, estado, municipio, codigo_postal, numero, nombre, apellido_paterno, apellido_materno, salario, horario, calificacion, curp_supervisor) values ('YOBL121231HVZQBJ12', '1983/03/30', 'M', 'Westend', 'Schmedeman', 'Armistice', '79516', '988', 'Henry', 'Fripps', 'Polye', '$21886.03', '10:00-18:00', 9, 'LOJM421131HTSWVJ47');
insert into repartidor (curp_repartidor, fecha_de_nacimiento, genero, calle, estado, municipio, codigo_postal, numero, nombre, apellido_paterno, apellido_materno, salario, horario, calificacion, curp_supervisor) values ('VHSO921003MYNQDM39', '1992/11/09', 'H', 'Valley Edge', 'Commercial', 'Pleasure', '42023', '770', 'Chaddy', 'Cappell', 'Harwell', '$20119.78', '10:00-18:00', 10, 'LOJM421131HTSWVJ47');
insert into repartidor (curp_repartidor, fecha_de_nacimiento, genero, calle, estado, municipio, codigo_postal, numero, nombre, apellido_paterno, apellido_materno, salario, horario, calificacion, curp_supervisor) values ('KJVQ020031HTSXVE19', '1992/04/11', 'H', 'Packers', 'Crest Line', 'Kennedy', '28871', '099', 'Dalis', 'Rilston', 'Bott', '$17290.32', '13:00-21:00', 10, 'LOJM421131HTSWVJ47');
insert into repartidor (curp_repartidor, fecha_de_nacimiento, genero, calle, estado, municipio, codigo_postal, numero, nombre, apellido_paterno, apellido_materno, salario, horario, calificacion, curp_supervisor) values ('ZXGO021030HZSZWX25', '1972/07/23', 'H', 'Hollow Ridge', 'Farwell', 'Hoard', '17970', '741', 'Conroy', 'Ridolfo', 'Lezemore', '$10522.73', '10:00-18:00', 9, 'LOJM421131HTSWVJ47');
insert into repartidor (curp_repartidor, fecha_de_nacimiento, genero, calle, estado, municipio, codigo_postal, numero, nombre, apellido_paterno, apellido_materno, salario, horario, calificacion, curp_supervisor) values ('RFGX021031MZSBYQ23', '1987/01/25', 'M', 'Susan', 'Spenser', 'Melby', '43227', '642', 'Eustace', 'Riepel', 'Aylmer', '$20861.66', '10:00-18:00', 9, 'LOJM421131HTSWVJ47');
insert into repartidor (curp_repartidor, fecha_de_nacimiento, genero, calle, estado, municipio, codigo_postal, numero, nombre, apellido_paterno, apellido_materno, salario, horario, calificacion, curp_supervisor) values ('BXER421230HZSUCR87', '1984/08/27', 'M', 'Kensington', 'Brickson Park', 'Dwight', '94543', '391', 'Worthy', 'Bingell', 'Keddy', '$28707.67', '10:00-18:00', 8, 'LOJM421131HTSWVJ47');
insert into repartidor (curp_repartidor, fecha_de_nacimiento, genero, calle, estado, municipio, codigo_postal, numero, nombre, apellido_paterno, apellido_materno, salario, horario, calificacion, curp_supervisor) values ('KTEW021231HYNYQC90', '1981/04/04', 'M', 'Bunker Hill', 'Sachtjen', 'Clarendon', '82396', '384', 'Nealson', 'Gajownik', 'Robjant', '$27511.26', '13:00-21:00', 10, 'LOJM421131HTSWVJ47');
insert into repartidor (curp_repartidor, fecha_de_nacimiento, genero, calle, estado, municipio, codigo_postal, numero, nombre, apellido_paterno, apellido_materno, salario, horario, calificacion, curp_supervisor) values ('HSYK621031HYNTYF70', '1981/02/05', 'M', 'Trailsway', 'Karstens', 'Kensington', '40789', '694', 'Vaughan', 'Bumphrey', 'Rabjohn', '$13624.78', '13:00-21:00', 9, 'LOJM421131HTSWVJ47');
insert into repartidor (curp_repartidor, fecha_de_nacimiento, genero, calle, estado, municipio, codigo_postal, numero, nombre, apellido_paterno, apellido_materno, salario, horario, calificacion, curp_supervisor) values ('HNOS721217MTCVTL96', '1988/02/15', 'H', 'Towne', 'Arkansas', 'Grasskamp', '99819', '433', 'Stephanus', 'Yitzovicz', 'Daines', '$23691.23', '13:00-21:00', 10, 'LOJM421131HTSWVJ47');
insert into repartidor (curp_repartidor, fecha_de_nacimiento, genero, calle, estado, municipio, codigo_postal, numero, nombre, apellido_paterno, apellido_materno, salario, horario, calificacion, curp_supervisor) values ('EWOQ421231MVZHKP33', '1975/12/01', 'M', 'Marquette', 'Corry', 'Sunfield', '07793', '073', 'Rafael', 'Sifflett', 'Glencros', '$25765.82', '7:00-15:00', 6, 'LOJM421131HTSWVJ47');
insert into repartidor (curp_repartidor, fecha_de_nacimiento, genero, calle, estado, municipio, codigo_postal, numero, nombre, apellido_paterno, apellido_materno, salario, horario, calificacion, curp_supervisor) values ('FKHI221231MZSEBX72', '1977/12/17', 'M', 'Hooker', 'Raven', 'Tomscot', '11804', '296', 'Jason', 'Wolstenholme', 'Hardwick', '$18235.75', '11:00-19:00', 7, 'LOJM421131HTSWVJ47');
insert into repartidor (curp_repartidor, fecha_de_nacimiento, genero, calle, estado, municipio, codigo_postal, numero, nombre, apellido_paterno, apellido_materno, salario, horario, calificacion, curp_supervisor) values ('XKTZ121231HZSSUM66', '1974/12/02', 'H', 'Warbler', 'Express', 'Merry', '48489', '281', 'Gibb', 'Renzo', 'Slowly', '$12649.11', '12:00-20:00', 9, 'LOJM421131HTSWVJ47');
insert into repartidor (curp_repartidor, fecha_de_nacimiento, genero, calle, estado, municipio, codigo_postal, numero, nombre, apellido_paterno, apellido_materno, salario, horario, calificacion, curp_supervisor) values ('BCEK021131HVZYTF07', '1988/01/28', 'M', 'Packers', 'Waubesa', 'Gina', '51480', '689', 'Jecho', 'Gerckens', 'Cornwell', '$19613.25', '10:00-18:00', 10, 'LOJM421131HTSWVJ47');
insert into repartidor (curp_repartidor, fecha_de_nacimiento, genero, calle, estado, municipio, codigo_postal, numero, nombre, apellido_paterno, apellido_materno, salario, horario, calificacion, curp_supervisor) values ('PGOX721130HVZSAN60', '1999/07/26', 'M', 'Lighthouse Bay', 'Scott', 'Carioca', '19862', '854', 'Peadar', 'Lowdyane', 'Postle', '$17891.82', '11:00-19:00', 10, 'LOJM421131HTSWVJ47');
insert into repartidor (curp_repartidor, fecha_de_nacimiento, genero, calle, estado, municipio, codigo_postal, numero, nombre, apellido_paterno, apellido_materno, salario, horario, calificacion, curp_supervisor) values ('FNUX220531MZSPYZ98', '1974/06/19', 'M', 'Mallard', 'Northland', 'Monica', '70236', '930', 'Benji', 'Kettlestringes', 'Youd', '$20184.16', '12:00-20:00', 9, 'LOJM421131HTSWVJ47');
insert into repartidor (curp_repartidor, fecha_de_nacimiento, genero, calle, estado, municipio, codigo_postal, numero, nombre, apellido_paterno, apellido_materno, salario, horario, calificacion, curp_supervisor) values ('ADVI521030HYNGQV53', '1970/09/05', 'H', 'Continental', 'Schlimgen', 'Dottie', '53615', '411', 'Martie', 'Ilem', 'Matyas', '$16202.78', '12:00-20:00', 10, 'LOJM421131HTSWVJ47');
insert into telefono (telefono, rfc) values ('5717786050', 'ARX7793936N4');
insert into telefono (telefono, rfc) values ('4589133118', 'GRH4220527S0');
insert into telefono (telefono, rfc) values ('4318535031', 'FHQ3620953U4');
insert into telefono (telefono, rfc) values ('8032037697', 'WCM8387908I4');
insert into telefono (telefono, rfc) values ('3089523819', 'VHN9709617O2');
insert into telefono (telefono, rfc) values ('7878102761', 'STN5257401F7');
insert into telefono (telefono, rfc) values ('8819562674', 'XKB3715752V1');
insert into telefono (telefono, rfc) values ('9826611264', 'BAX2265521H9');
insert into telefono (telefono, rfc) values ('1333786449', 'JBU2902373U5');
insert into telefono (telefono, rfc) values ('1092744063', 'FUX9208696E4');
insert into telefono (telefono, rfc) values ('5572357349', 'CMB7751530I7');
insert into telefono (telefono, rfc) values ('1141253063', 'MID8441823C9');
insert into telefono (telefono, rfc) values ('8591399505', 'CBX9882854O4');
insert into telefono (telefono, rfc) values ('3005219369', 'HWF8680539Q0');
insert into telefono (telefono, rfc) values ('6041488847', 'VZS9154210O6');
insert into telefono (telefono, rfc) values ('8509947867', 'FUX9208696E4');
insert into telefono (telefono, rfc) values ('7696924531', 'ERX4627986V1');
insert into telefono (telefono, rfc) values ('1728223317', 'QKE9621653U9');
insert into telefono (telefono, rfc) values ('1036109595', 'RUS0666513C3');
insert into telefono (telefono, rfc) values ('6297373841', 'ESY7813043D1');
insert into telefono (telefono, rfc) values ('5012588685', 'IVB5504507M2');
insert into telefono (telefono, rfc) values ('8118669231', 'HNW6639012X2');
insert into telefono (telefono, rfc) values ('4066983306', 'MWP5979298R8');
insert into telefono (telefono, rfc) values ('4227236152', 'WFN7576552I5');
insert into telefono (telefono, rfc) values ('7417640090', 'LRC9071138L4');
insert into telefono (telefono, rfc) values ('4074010509', 'WRO5005698A1');
insert into telefono (telefono, rfc) values ('1521827496', 'MWP5979298R8');
insert into telefono (telefono, rfc) values ('8091874269', 'MFC3732655J6');
insert into telefono (telefono, rfc) values ('2624613901', 'NZK6863279T4');
insert into telefono (telefono, rfc) values ('9036197214', 'WRO5005698A1');
insert into telefono (telefono, rfc) values ('6026530286', 'MHU2422099A5');
insert into telefono (telefono, rfc) values ('4427425783', 'EPO8096754X8');
insert into telefono (telefono, rfc) values ('9304651411', 'NSI8863789J0');
insert into telefono (telefono, rfc) values ('5195412927', 'ARD6570017Z2');
insert into telefono (telefono, rfc) values ('2712920959', 'LQG6978588H4');
insert into telefono (telefono, rfc) values ('6912390115', 'VEM3143653I4');
insert into telefono (telefono, rfc) values ('2851051919', 'STN5257401F7');
insert into telefono (telefono, rfc) values ('6695777628', 'WCM8387908I4');
insert into telefono (telefono, rfc) values ('1569871188', 'GJP1828286O6');
insert into telefono (telefono, rfc) values ('9039787639', 'JOU3289230V5');
insert into telefono (telefono, rfc) values ('1577378004', 'TLZ1633217C2');
insert into telefono (telefono, rfc) values ('8207647779', 'WRO5005698A1');
insert into telefono (telefono, rfc) values ('3273093923', 'IRQ6002374B4');
insert into telefono (telefono, rfc) values ('3015584323', 'AOL0029793I0');
insert into telefono (telefono, rfc) values ('3413346001', 'FUX9208696E4');
insert into telefono (telefono, rfc) values ('1989915688', 'AOL0029793I0');
insert into telefono (telefono, rfc) values ('2611563203', 'HNW6639012X2');
insert into telefono (telefono, rfc) values ('6722546316', 'NYD9834038C9');
insert into telefono (telefono, rfc) values ('1238489200', 'IWA8534429Z3');
insert into telefono (telefono, rfc) values ('3139620029', 'KRQ4231425I4');
insert into telefono (telefono, rfc) values ('2317959104', 'CGQ9212689B4');
insert into telefono (telefono, rfc) values ('5471159381', 'VZS9154210O6');
insert into telefono (telefono, rfc) values ('3792827408', 'CFU8996428D2');
insert into telefono (telefono, rfc) values ('9831582307', 'ZWO6077314O0');
insert into telefono (telefono, rfc) values ('3325202031', 'DOM2664988P7');
insert into telefono (telefono, rfc) values ('8999691942', 'GPV9625363I3');
insert into telefono (telefono, rfc) values ('5617181273', 'VHF4469312W8');
insert into telefono (telefono, rfc) values ('2869509147', 'EBQ1802015W1');
insert into telefono (telefono, rfc) values ('2695879966', 'NHZ2980431N1');
insert into telefono (telefono, rfc) values ('9966034043', 'SEZ8581627H3');
insert into telefono (telefono, rfc) values ('6435728275', 'IWA8534429Z3');
insert into telefono (telefono, rfc) values ('3817257023', 'YVL6838379V4');
insert into telefono (telefono, rfc) values ('8298527275', 'ARX7793936N4');
insert into telefono (telefono, rfc) values ('7151995819', 'LHG2187668U2');
insert into telefono (telefono, rfc) values ('2659234353', 'ZWO6077314O0');
insert into telefono (telefono, rfc) values ('7127834477', 'PMZ4523957J8');
insert into telefono (telefono, rfc) values ('1925433854', 'NYD9834038C9');
insert into telefono (telefono, rfc) values ('1325302122', 'JIF4778370F6');
insert into telefono (telefono, rfc) values ('6982148797', 'JIF4778370F6');
insert into telefono (telefono, rfc) values ('2456179528', 'VHF4469312W8');
insert into telefono (telefono, rfc) values ('6506810325', 'HWF8680539Q0');
insert into telefono (telefono, rfc) values ('1426388135', 'HWF8680539Q0');
insert into telefono (telefono, rfc) values ('7667666921', 'FUX9208696E4');
insert into telefono (telefono, rfc) values ('2931649948', 'RUS0666513C3');
insert into telefono (telefono, rfc) values ('5501563369', 'YQR2912354H7');
insert into telefono (telefono, rfc) values ('6466492240', 'XVN7961521O2');
insert into telefono (telefono, rfc) values ('2045990226', 'MID8441823C9');
insert into telefono (telefono, rfc) values ('3704892177', 'QAK1470371B1');
insert into telefono (telefono, rfc) values ('5975398340', 'WFT4355283K2');
insert into telefono (telefono, rfc) values ('5384746024', 'LQG6978588H4');
insert into telefono (telefono, rfc) values ('6639195021', 'LQG6978588H4');
insert into telefono (telefono, rfc) values ('3572317437', 'MHU2422099A5');
insert into telefono (telefono, rfc) values ('7744223247', 'JIF4778370F6');
insert into telefono (telefono, rfc) values ('2995811688', 'BZE6055622G4');
insert into telefono (telefono, rfc) values ('7585459949', 'WFT4355283K2');
insert into telefono (telefono, rfc) values ('2801876146', 'GQU2974271O6');
insert into telefono (telefono, rfc) values ('5718056255', 'AHI4800399G2');
insert into telefono (telefono, rfc) values ('3911289279', 'GZY7553784U3');
insert into telefono (telefono, rfc) values ('1983353369', 'ZFC2104935A5');
insert into telefono (telefono, rfc) values ('4938131921', 'VHF4469312W8');
insert into telefono (telefono, rfc) values ('4363421054', 'NZK6863279T4');
insert into telefono (telefono, rfc) values ('8475741887', 'PQW5770505B3');
insert into telefono (telefono, rfc) values ('5198517632', 'SON3505576V8');
insert into telefono (telefono, rfc) values ('2836317434', 'ZFC2104935A5');
insert into telefono (telefono, rfc) values ('4144070682', 'GJS6930592L6');
insert into telefono (telefono, rfc) values ('5754166164', 'SON3505576V8');
insert into telefono (telefono, rfc) values ('9342339075', 'BAX2265521H9');
insert into telefono (telefono, rfc) values ('4962515030', 'CBX9882854O4');
insert into telefono (telefono, rfc) values ('7425943591', 'QVY1383839L4');
insert into telefono (telefono, rfc) values ('2337273531', 'AHI4800399G2');
insert into envio_normal (id_envio_normal, curp_repartidor, estado, tiempo_de_envio, precio) values ('2161718131719', 'NTEW221231HZSUCM73', 'Aberg', '2028/10/22', 2614685158298.31);
insert into envio_normal (id_envio_normal, curp_repartidor, estado, tiempo_de_envio, precio) values ('5101414161515', 'ADVI521030HYNGQV53', 'Johnson', '2021/01/12', 5085584453369.96);
insert into envio_normal (id_envio_normal, curp_repartidor, estado, tiempo_de_envio, precio) values ('1111811141910', 'GBFV921131MYNWIX81', 'Moland', '2026/08/25', 555910484884.88);
insert into envio_normal (id_envio_normal, curp_repartidor, estado, tiempo_de_envio, precio) values ('2191915131917', 'SZHA821231HYNCYW84', 'Cordelia', '2029/07/01', 6103681232538.94);
insert into envio_normal (id_envio_normal, curp_repartidor, estado, tiempo_de_envio, precio) values ('9171316121315', 'CJFP521030MTSLMA16', 'Nevada', '2023/01/28', 653880454768.36);
insert into envio_normal (id_envio_normal, curp_repartidor, estado, tiempo_de_envio, precio) values ('9151813121410', 'WCHV321031MTSDFW82', 'Loeprich', '2020/08/08', 6686692408247.83);
insert into envio_normal (id_envio_normal, curp_repartidor, estado, tiempo_de_envio, precio) values ('1141311171614', 'MXEH721131MTSFUJ22', 'Hoffman', '2019/01/12', 3269381610295.94);
insert into envio_normal (id_envio_normal, curp_repartidor, estado, tiempo_de_envio, precio) values ('5121918101519', 'ZXAQ121131HZSQCL79', 'Merry', '2029/08/18', 5250467285593.99);
insert into envio_normal (id_envio_normal, curp_repartidor, estado, tiempo_de_envio, precio) values ('6191113101213', 'BHCI521001MVZCWH93', 'Melvin', '2026/05/07', 8558598751869.98);
insert into envio_normal (id_envio_normal, curp_repartidor, estado, tiempo_de_envio, precio) values ('2161110191310', 'UICH421231HZSMKE02', 'Village Green', '2027/04/06', 4786501304295.82);
insert into envio_normal (id_envio_normal, curp_repartidor, estado, tiempo_de_envio, precio) values ('3101315121510', 'LHKN321130MZSPJR06', 'Utah', '2027/05/08', 7201249638246.59);
insert into envio_normal (id_envio_normal, curp_repartidor, estado, tiempo_de_envio, precio) values ('8151513111514', 'VJTP121115MYNSOX03', 'Prairie Rose', '2028/08/26', 2737986241667.67);
insert into envio_normal (id_envio_normal, curp_repartidor, estado, tiempo_de_envio, precio) values ('6111817161015', 'FXZM921231MZSBRU13', 'Kennedy', '2030/03/26', 9504752796691.28);
insert into envio_normal (id_envio_normal, curp_repartidor, estado, tiempo_de_envio, precio) values ('6161614121918', 'JLWQ221207HTSUVW22', 'Summit', '2021/11/17', 4277982105507.12);
insert into envio_normal (id_envio_normal, curp_repartidor, estado, tiempo_de_envio, precio) values ('9171815111417', 'MVIH921130MZSNEK36', 'Delladonna', '2022/08/23', 2946584597513.7);
insert into envio_normal (id_envio_normal, curp_repartidor, estado, tiempo_de_envio, precio) values ('9171710111010', 'IWFM121231MVZTZM06', 'Shoshone', '2020/05/03', 9923604238335.76);
insert into envio_normal (id_envio_normal, curp_repartidor, estado, tiempo_de_envio, precio) values ('5111018131918', 'SJGO720331HVZEMS58', 'American Ash', '2029/02/25', 2471291991924.57);
insert into envio_normal (id_envio_normal, curp_repartidor, estado, tiempo_de_envio, precio) values ('5161315131314', 'SZHA821231HYNCYW84', 'Florence', '2021/12/19', 320413835228.21);
insert into envio_normal (id_envio_normal, curp_repartidor, estado, tiempo_de_envio, precio) values ('4191016191618', 'LHQZ221203MZSJDP05', 'Autumn Leaf', '2019/04/25', 4285050350779.39);
insert into envio_normal (id_envio_normal, curp_repartidor, estado, tiempo_de_envio, precio) values ('6141812161914', 'LEWC320701MYNGLC28', 'Saint Paul', '2023/01/12', 4154084086716.93);
insert into envio_normal (id_envio_normal, curp_repartidor, estado, tiempo_de_envio, precio) values ('3101511191710', 'VHJK421030HVZXQH47', 'Talisman', '2027/04/29', 7132213645863.92);
insert into envio_normal (id_envio_normal, curp_repartidor, estado, tiempo_de_envio, precio) values ('7171012121212', 'LGMH321113MZSMNJ52', 'Rusk', '2030/04/12', 1026516977915.88);
insert into envio_normal (id_envio_normal, curp_repartidor, estado, tiempo_de_envio, precio) values ('8141711191217', 'CFIZ721031HTCQMG24', 'Nevada', '2031/07/03', 6292802977525.19);
insert into envio_normal (id_envio_normal, curp_repartidor, estado, tiempo_de_envio, precio) values ('4151619111116', 'DMIS521231MZSMRJ82', 'Springs', '2024/10/27', 9937671338020.1);
insert into envio_normal (id_envio_normal, curp_repartidor, estado, tiempo_de_envio, precio) values ('3151319151311', 'CDYW321130HVZONA75', 'Troy', '2028/07/01', 1209293371912.77);
insert into envio_normal (id_envio_normal, curp_repartidor, estado, tiempo_de_envio, precio) values ('7151317191714', 'WDMU621130HZSCQJ71', 'Huxley', '2026/08/29', 1382925240703.91);
insert into envio_normal (id_envio_normal, curp_repartidor, estado, tiempo_de_envio, precio) values ('1161619181011', 'VPJL820000MYNMCK71', 'Schiller', '2026/05/03', 2241966707778.62);
insert into envio_normal (id_envio_normal, curp_repartidor, estado, tiempo_de_envio, precio) values ('1191119111318', 'FKHI221231MZSEBX72', 'Linden', '2030/09/01', 3641293307616.84);
insert into envio_normal (id_envio_normal, curp_repartidor, estado, tiempo_de_envio, precio) values ('5131610151310', 'CDYW321130HVZONA75', 'Grover', '2028/05/23', 181484208618.0);
insert into envio_normal (id_envio_normal, curp_repartidor, estado, tiempo_de_envio, precio) values ('1141612171112', 'HNOS721217MTCVTL96', 'Esch', '2021/12/11', 964965536585.09);
insert into envio_normal (id_envio_normal, curp_repartidor, estado, tiempo_de_envio, precio) values ('6181414111112', 'HSYK621031HYNTYF70', 'Pond', '2020/03/01', 5175322983937.01);
insert into envio_normal (id_envio_normal, curp_repartidor, estado, tiempo_de_envio, precio) values ('1171716131912', 'VHSO921003MYNQDM39', 'Nancy', '2020/01/03', 5771334521496.19);
insert into envio_normal (id_envio_normal, curp_repartidor, estado, tiempo_de_envio, precio) values ('8191411171313', 'GBFV921131MYNWIX81', 'Russell', '2025/09/15', 7240278729029.92);
insert into envio_normal (id_envio_normal, curp_repartidor, estado, tiempo_de_envio, precio) values ('4121218181810', 'MXEH721131MTSFUJ22', 'Acker', '2024/05/23', 436025234931.46);
insert into envio_normal (id_envio_normal, curp_repartidor, estado, tiempo_de_envio, precio) values ('1121218171316', 'BQLF821212HZSSZF72', 'Fremont', '2021/06/29', 2815841529266.51);
insert into envio_normal (id_envio_normal, curp_repartidor, estado, tiempo_de_envio, precio) values ('0141018131318', 'ICJP721118HZSUKJ33', 'Algoma', '2019/09/26', 3137449166557.24);
insert into envio_normal (id_envio_normal, curp_repartidor, estado, tiempo_de_envio, precio) values ('9131719191015', 'WCHV321031MTSDFW82', 'Hanson', '2027/07/13', 6592927642078.8);
insert into envio_normal (id_envio_normal, curp_repartidor, estado, tiempo_de_envio, precio) values ('4141513141213', 'WOAH021231MZSOEM37', 'Northwestern', '2020/04/30', 6597829918174.06);
insert into envio_normal (id_envio_normal, curp_repartidor, estado, tiempo_de_envio, precio) values ('5181017161213', 'DGTM621207HZSZBO66', 'Mendota', '2030/10/04', 6522804585321.66);
insert into envio_normal (id_envio_normal, curp_repartidor, estado, tiempo_de_envio, precio) values ('4191712121912', 'CJFP521030MTSLMA16', 'Prairieview', '2030/04/27', 1379764901597.49);
insert into envio_normal (id_envio_normal, curp_repartidor, estado, tiempo_de_envio, precio) values ('1151016121018', 'DMVY221231MTSNCS95', 'Sunfield', '2019/09/27', 2904221905103.5);
insert into envio_normal (id_envio_normal, curp_repartidor, estado, tiempo_de_envio, precio) values ('1191410191414', 'WDMU621130HZSCQJ71', 'Straubel', '2022/06/14', 7671073713882.0);
insert into envio_normal (id_envio_normal, curp_repartidor, estado, tiempo_de_envio, precio) values ('9111111111913', 'HSPT121130MVZYGR35', 'Stang', '2023/01/14', 7996018998979.2);
insert into envio_normal (id_envio_normal, curp_repartidor, estado, tiempo_de_envio, precio) values ('3191217131719', 'XKTZ121231HZSSUM66', 'Hanson', '2027/12/23', 5788785682622.86);
insert into envio_normal (id_envio_normal, curp_repartidor, estado, tiempo_de_envio, precio) values ('8131818141918', 'BXER421230HZSUCR87', 'Hermina', '2025/01/27', 2338603283785.91);
insert into envio_normal (id_envio_normal, curp_repartidor, estado, tiempo_de_envio, precio) values ('1171712181210', 'PDGK421131HYNUFS04', 'Blue Bill Park', '2021/10/13', 9475904139154.31);
insert into envio_normal (id_envio_normal, curp_repartidor, estado, tiempo_de_envio, precio) values ('9151516191718', 'PXGZ621015MZSLVJ92', 'Bunker Hill', '2023/03/15', 1861611876180.41);
insert into envio_normal (id_envio_normal, curp_repartidor, estado, tiempo_de_envio, precio) values ('5161915101014', 'DLGF821131MYNBXM09', 'Grim', '2027/12/22', 3311787805893.37);
insert into envio_normal (id_envio_normal, curp_repartidor, estado, tiempo_de_envio, precio) values ('1141316121313', 'XKTZ121231HZSSUM66', 'Prairie Rose', '2021/09/07', 408786364736.91);
insert into envio_normal (id_envio_normal, curp_repartidor, estado, tiempo_de_envio, precio) values ('3191311181111', 'HQSR321031MYNWYZ62', 'Fisk', '2022/10/29', 5941092608695.33);
insert into envio_normal (id_envio_normal, curp_repartidor, estado, tiempo_de_envio, precio) values ('6121511161012', 'NXSM221231MYNSBY82', 'Havey', '2019/03/30', 7060363176573.58);
insert into envio_normal (id_envio_normal, curp_repartidor, estado, tiempo_de_envio, precio) values ('3141412111913', 'NXSM221231MYNSBY82', 'Lyons', '2030/04/25', 2601964429007.7);
insert into envio_normal (id_envio_normal, curp_repartidor, estado, tiempo_de_envio, precio) values ('8101116181915', 'VHJK421030HVZXQH47', 'Hoard', '2028/01/02', 5098478929616.58);
insert into envio_normal (id_envio_normal, curp_repartidor, estado, tiempo_de_envio, precio) values ('2171117191416', 'MVIH921130MZSNEK36', 'Northland', '2023/12/19', 7500750650980.19);
insert into envio_normal (id_envio_normal, curp_repartidor, estado, tiempo_de_envio, precio) values ('4131816191814', 'HBAL621131MZSTLY56', 'Merry', '2023/01/05', 7586642827125.09);
insert into envio_normal (id_envio_normal, curp_repartidor, estado, tiempo_de_envio, precio) values ('3141911151718', 'GPXS821113MVZBWT98', 'Fisk', '2024/07/23', 468137460674.39);
insert into envio_normal (id_envio_normal, curp_repartidor, estado, tiempo_de_envio, precio) values ('9171713101715', 'FKHI221231MZSEBX72', 'Hayes', '2018/11/07', 4468941886896.29);
insert into envio_normal (id_envio_normal, curp_repartidor, estado, tiempo_de_envio, precio) values ('6131817151018', 'IQPR321230HZSMCW91', 'Northfield', '2019/05/09', 858070555898.42);
insert into envio_normal (id_envio_normal, curp_repartidor, estado, tiempo_de_envio, precio) values ('8141411121514', 'WENS521200MVZHKD52', 'Delladonna', '2021/03/14', 3449980631141.99);
insert into envio_normal (id_envio_normal, curp_repartidor, estado, tiempo_de_envio, precio) values ('2161110191818', 'FXZM921231MZSBRU13', 'Packers', '2023/10/17', 910058640798.18);
insert into envio_normal (id_envio_normal, curp_repartidor, estado, tiempo_de_envio, precio) values ('1101912181012', 'JFEW421231MTSUQT82', 'Hansons', '2026/05/19', 4348210885543.58);
insert into envio_normal (id_envio_normal, curp_repartidor, estado, tiempo_de_envio, precio) values ('5101713171312', 'JICQ921231HZSBVG40', 'Sycamore', '2024/06/20', 6116670762566.88);
insert into envio_normal (id_envio_normal, curp_repartidor, estado, tiempo_de_envio, precio) values ('4181514181219', 'XJMP021131HZSELV39', 'Moulton', '2028/06/17', 5783414924697.66);
insert into envio_normal (id_envio_normal, curp_repartidor, estado, tiempo_de_envio, precio) values ('0151318171611', 'WUTD721030HVZJZV74', 'Myrtle', '2022/10/03', 9833979115682.21);
insert into envio_normal (id_envio_normal, curp_repartidor, estado, tiempo_de_envio, precio) values ('2161219121919', 'BQLF821212HZSSZF72', 'Lunder', '2030/05/05', 6244348980240.39);
insert into envio_normal (id_envio_normal, curp_repartidor, estado, tiempo_de_envio, precio) values ('0151211191718', 'ICJP721118HZSUKJ33', 'Mayer', '2022/10/05', 5967652228704.6);
insert into envio_normal (id_envio_normal, curp_repartidor, estado, tiempo_de_envio, precio) values ('3151219171114', 'CFIZ721031HTCQMG24', 'Bellgrove', '2018/06/30', 9853070530661.25);
insert into envio_normal (id_envio_normal, curp_repartidor, estado, tiempo_de_envio, precio) values ('5131918141010', 'BXER421230HZSUCR87', 'Rigney', '2031/06/28', 5533884247121.37);
insert into envio_normal (id_envio_normal, curp_repartidor, estado, tiempo_de_envio, precio) values ('4171112101415', 'NXSM221231MYNSBY82', 'Lerdahl', '2023/05/17', 2191590883419.17);
insert into envio_normal (id_envio_normal, curp_repartidor, estado, tiempo_de_envio, precio) values ('8161311161717', 'DLGF821131MYNBXM09', 'Sherman', '2019/09/23', 3668300224730.84);
insert into envio_normal (id_envio_normal, curp_repartidor, estado, tiempo_de_envio, precio) values ('0111111181011', 'SZHA821231HYNCYW84', 'Esch', '2022/02/24', 1485929105757.91);
insert into envio_normal (id_envio_normal, curp_repartidor, estado, tiempo_de_envio, precio) values ('5191312181016', 'WOAH021231MZSOEM37', 'Continental', '2025/04/28', 7187929625799.29);
insert into envio_normal (id_envio_normal, curp_repartidor, estado, tiempo_de_envio, precio) values ('1131611161914', 'LHQZ221203MZSJDP05', 'Bluestem', '2028/05/16', 2494906568352.59);
insert into envio_normal (id_envio_normal, curp_repartidor, estado, tiempo_de_envio, precio) values ('4181716161916', 'JFEW421231MTSUQT82', 'Eagan', '2020/08/28', 8145619423689.36);
insert into envio_normal (id_envio_normal, curp_repartidor, estado, tiempo_de_envio, precio) values ('2191618101512', 'VIXM620731HZSEDX24', 'Fairfield', '2024/03/28', 7309410494201.14);
insert into envio_normal (id_envio_normal, curp_repartidor, estado, tiempo_de_envio, precio) values ('8171015101910', 'PXGZ621015MZSLVJ92', 'Straubel', '2024/06/18', 3894747560179.95);
insert into envio_normal (id_envio_normal, curp_repartidor, estado, tiempo_de_envio, precio) values ('6121114101514', 'HNOS721217MTCVTL96', 'Northwestern', '2030/01/13', 3272303576063.1);
insert into envio_normal (id_envio_normal, curp_repartidor, estado, tiempo_de_envio, precio) values ('3191513191718', 'MVIH921130MZSNEK36', 'Kingsford', '2025/07/28', 9871965889637.98);
insert into envio_normal (id_envio_normal, curp_repartidor, estado, tiempo_de_envio, precio) values ('7151916181611', 'KDZQ021130MTSGIN78', 'Spohn', '2019/09/13', 5563991318580.64);
insert into envio_normal (id_envio_normal, curp_repartidor, estado, tiempo_de_envio, precio) values ('3131810141917', 'DRCW921231MZSQAG46', 'Doe Crossing', '2026/12/14', 2224284196688.09);
insert into envio_normal (id_envio_normal, curp_repartidor, estado, tiempo_de_envio, precio) values ('7181414121416', 'DMIS521231MZSMRJ82', 'Meadow Vale', '2029/04/09', 1603936638388.63);
insert into envio_normal (id_envio_normal, curp_repartidor, estado, tiempo_de_envio, precio) values ('2101018101917', 'XCZJ721231MZSUHM37', 'Prentice', '2028/09/12', 1272391751692.53);
insert into envio_normal (id_envio_normal, curp_repartidor, estado, tiempo_de_envio, precio) values ('2131411141013', 'BCEK021131HVZYTF07', 'Russell', '2021/02/05', 8867237081212.81);
insert into envio_normal (id_envio_normal, curp_repartidor, estado, tiempo_de_envio, precio) values ('0101516111813', 'VHJK421030HVZXQH47', 'Troy', '2025/03/13', 3153931535626.8);
insert into envio_normal (id_envio_normal, curp_repartidor, estado, tiempo_de_envio, precio) values ('0151817191513', 'WCHV321031MTSDFW82', 'Clyde Gallagher', '2024/08/03', 9338393878000.41);
insert into envio_normal (id_envio_normal, curp_repartidor, estado, tiempo_de_envio, precio) values ('9191811191511', 'IQPR321230HZSMCW91', 'Schiller', '2031/05/22', 7286915475673.78);
insert into envio_normal (id_envio_normal, curp_repartidor, estado, tiempo_de_envio, precio) values ('2101412101617', 'VHSO921003MYNQDM39', 'Mayfield', '2019/05/03', 2648741083761.83);
insert into envio_normal (id_envio_normal, curp_repartidor, estado, tiempo_de_envio, precio) values ('2151616121713', 'VHSO921003MYNQDM39', 'Talmadge', '2031/03/25', 2769426561123.41);
insert into envio_normal (id_envio_normal, curp_repartidor, estado, tiempo_de_envio, precio) values ('6161417161115', 'UFBX521131MSRDLT78', 'Nova', '2026/03/02', 8994830128988.23);
insert into envio_normal (id_envio_normal, curp_repartidor, estado, tiempo_de_envio, precio) values ('1171111101618', 'XKGH621000MZSGXU17', 'Ryan', '2020/10/22', 1426018571089.18);
insert into envio_normal (id_envio_normal, curp_repartidor, estado, tiempo_de_envio, precio) values ('7171514161911', 'KDZQ021130MTSGIN78', 'Bashford', '2022/09/05', 6196469600545.83);
insert into envio_normal (id_envio_normal, curp_repartidor, estado, tiempo_de_envio, precio) values ('9181319131512', 'IQPR321230HZSMCW91', 'Forster', '2020/03/30', 5370233294868.52);
insert into envio_normal (id_envio_normal, curp_repartidor, estado, tiempo_de_envio, precio) values ('3161911171815', 'RDJZ921231MTCQLK08', 'Dakota', '2025/01/05', 651970343193.51);
insert into envio_normal (id_envio_normal, curp_repartidor, estado, tiempo_de_envio, precio) values ('1111113151914', 'ZXAQ121131HZSQCL79', 'Bay', '2022/10/22', 789850554253.97);
insert into envio_normal (id_envio_normal, curp_repartidor, estado, tiempo_de_envio, precio) values ('6161319101419', 'LRVU521210MZSTBF58', 'Summit', '2020/08/30', 4213824901399.3);
insert into envio_normal (id_envio_normal, curp_repartidor, estado, tiempo_de_envio, precio) values ('8141117171217', 'MVIH921130MZSNEK36', 'Old Gate', '2026/07/08', 7939969017757.33);
insert into envio_normal (id_envio_normal, curp_repartidor, estado, tiempo_de_envio, precio) values ('5111017111412', 'ADVI521030HYNGQV53', 'Del Sol', '2023/11/30', 7898009152934.44);
insert into envio_normal (id_envio_normal, curp_repartidor, estado, tiempo_de_envio, precio) values ('1171512121314', 'KDZQ021130MTSGIN78', 'Reinke', '2030/01/05', 7524178145036.23);
insert into envio_normal (id_envio_normal, curp_repartidor, estado, tiempo_de_envio, precio) values ('3181716131615', 'PXGZ621015MZSLVJ92', 'Stephen', '2023/05/03', 7278516965302.67);
insert into envio_normal (id_envio_normal, curp_repartidor, estado, tiempo_de_envio, precio) values ('1151515171812', 'ADVI521030HYNGQV53', 'Sunfield', '2021/01/24', 4678236992789.18);

insert into envio_express (id_envio_express, curp_repartidor, precio, estado, tiempo_de_envio, tiempo, costo) values (1, 'RDJZ921231MTCQLK08', 69081430.97, 'Commercial', '2021/04/02', '2', 7860.17);
insert into envio_express (id_envio_express, curp_repartidor, precio, estado, tiempo_de_envio, tiempo, costo) values (2, 'LOJM421131HTSWVJ47', 33015172.58, 'Quincy', '2021/12/13', '3', 84298.76);
insert into envio_express (id_envio_express, curp_repartidor, precio, estado, tiempo_de_envio, tiempo, costo) values (3, 'AIRJ621216MYNYMX08', 66477518.74, 'Huxley', '2020/12/18', '3', 34442.67);
insert into envio_express (id_envio_express, curp_repartidor, precio, estado, tiempo_de_envio, tiempo, costo) values (4, 'LOJM421131HTSWVJ47', 82142022.32, 'Arizona', '2021/01/28', '2', 61577.01);
insert into envio_express (id_envio_express, curp_repartidor, precio, estado, tiempo_de_envio, tiempo, costo) values (5, 'YOBL121231HVZQBJ12', 61572863.29, 'Dorton', '2021/04/19', '3', 21229.74);
insert into envio_express (id_envio_express, curp_repartidor, precio, estado, tiempo_de_envio, tiempo, costo) values (6, 'HNOS721217MTCVTL96', 64068473.38, 'Oakridge', '2021/09/08', '3', 37474.03);
insert into envio_express (id_envio_express, curp_repartidor, precio, estado, tiempo_de_envio, tiempo, costo) values (7, 'BLTF621209HTCRZJ09', 69730869.19, 'Cody', '2021/10/01', '3', 59914.15);
insert into envio_express (id_envio_express, curp_repartidor, precio, estado, tiempo_de_envio, tiempo, costo) values (8, 'HSPT121130MVZYGR35', 75722313.69, 'Hovde', '2021/03/20', '3', 1629.3);
insert into envio_express (id_envio_express, curp_repartidor, precio, estado, tiempo_de_envio, tiempo, costo) values (9, 'HSPT121130MVZYGR35', 68510922.47, 'Roxbury', '2021/07/23', '3', 38508.36);
insert into envio_express (id_envio_express, curp_repartidor, precio, estado, tiempo_de_envio, tiempo, costo) values (10, 'IDYV921202MZSUVL52', 68170516.6, 'Meadow Ridge', '2021/03/12', '3', 34573.29);
insert into envio_express (id_envio_express, curp_repartidor, precio, estado, tiempo_de_envio, tiempo, costo) values (11, 'CNYW021131HYNXLY65', 43535264.72, 'Vernon', '2021/09/21', '1', 46354.79);
insert into envio_express (id_envio_express, curp_repartidor, precio, estado, tiempo_de_envio, tiempo, costo) values (12, 'VPJL820000MYNMCK71', 44661060.57, 'Pawling', '2021/04/19', '3', 14691.21);
insert into envio_express (id_envio_express, curp_repartidor, precio, estado, tiempo_de_envio, tiempo, costo) values (13, 'OJZQ021230MYNIPR26', 10820917.58, '6th', '2021/03/25', '3', 81019.23);
insert into envio_express (id_envio_express, curp_repartidor, precio, estado, tiempo_de_envio, tiempo, costo) values (14, 'IWFM121231MVZTZM06', 37036560.28, '1st', '2021/07/11', '3', 27660.17);
insert into envio_express (id_envio_express, curp_repartidor, precio, estado, tiempo_de_envio, tiempo, costo) values (15, 'LGBI721117HZSUZF58', 53926862.92, 'Old Gate', '2021/03/24', '2', 99776.17);
insert into envio_express (id_envio_express, curp_repartidor, precio, estado, tiempo_de_envio, tiempo, costo) values (16, 'FNUX220531MZSPYZ98', 81129586.9, 'Cordelia', '2021/03/22', '3', 37422.94);
insert into envio_express (id_envio_express, curp_repartidor, precio, estado, tiempo_de_envio, tiempo, costo) values (17, 'DGXW921230HZSETA04', 75877324.6, 'Moland', '2021/05/20', '3', 81583.18);
insert into envio_express (id_envio_express, curp_repartidor, precio, estado, tiempo_de_envio, tiempo, costo) values (18, 'FXZM921231MZSBRU13', 60272133.95, 'Truax', '2020/12/18', '1', 47479.64);
insert into envio_express (id_envio_express, curp_repartidor, precio, estado, tiempo_de_envio, tiempo, costo) values (19, 'LRVU521210MZSTBF58', 40929739.3, 'Arrowood', '2021/01/08', '2', 13490.47);
insert into envio_express (id_envio_express, curp_repartidor, precio, estado, tiempo_de_envio, tiempo, costo) values (20, 'QKEI420407MYNMDL69', 38333258.05, 'Welch', '2021/05/12', '3', 41587.95);
insert into envio_express (id_envio_express, curp_repartidor, precio, estado, tiempo_de_envio, tiempo, costo) values (21, 'FNUX220531MZSPYZ98', 73614344.6, 'Atwood', '2021/09/11', '1', 55387.34);
insert into envio_express (id_envio_express, curp_repartidor, precio, estado, tiempo_de_envio, tiempo, costo) values (22, 'VHJK421030HVZXQH47', 48338924.98, 'Old Gate', '2021/01/04', '3', 6719.11);
insert into envio_express (id_envio_express, curp_repartidor, precio, estado, tiempo_de_envio, tiempo, costo) values (23, 'EWOQ421231MVZHKP33', 2667767.0, 'Morrow', '2020/12/22', '3', 84672.67);
insert into envio_express (id_envio_express, curp_repartidor, precio, estado, tiempo_de_envio, tiempo, costo) values (24, 'UICH421231HZSMKE02', 64295911.15, 'Talisman', '2021/11/15', '3', 98374.36);
insert into envio_express (id_envio_express, curp_repartidor, precio, estado, tiempo_de_envio, tiempo, costo) values (25, 'CUTS121231HZSHRV20', 88642838.53, 'Tennessee', '2021/11/09', '1', 51872.65);
insert into envio_express (id_envio_express, curp_repartidor, precio, estado, tiempo_de_envio, tiempo, costo) values (26, 'PXGZ621015MZSLVJ92', 27867720.98, 'Chive', '2021/11/26', '3', 90908.62);
insert into envio_express (id_envio_express, curp_repartidor, precio, estado, tiempo_de_envio, tiempo, costo) values (27, 'JICQ921231HZSBVG40', 71227896.74, 'Tennyson', '2021/08/19', '2', 59631.08);
insert into envio_express (id_envio_express, curp_repartidor, precio, estado, tiempo_de_envio, tiempo, costo) values (28, 'VHSO921003MYNQDM39', 57520179.99, 'Jenifer', '2021/02/18', '2', 18983.43);
insert into envio_express (id_envio_express, curp_repartidor, precio, estado, tiempo_de_envio, tiempo, costo) values (29, 'EXCA921131HZSFIB29', 74040233.44, 'Northview', '2021/02/23', '3', 16859.5);
insert into envio_express (id_envio_express, curp_repartidor, precio, estado, tiempo_de_envio, tiempo, costo) values (30, 'SBPN421030HZSMRZ70', 91793728.03, 'Harper', '2021/01/23', '2', 77747.07);
insert into envio_express (id_envio_express, curp_repartidor, precio, estado, tiempo_de_envio, tiempo, costo) values (31, 'DMIS521231MZSMRJ82', 34691386.44, 'Granby', '2021/02/05', '3', 10314.19);
insert into envio_express (id_envio_express, curp_repartidor, precio, estado, tiempo_de_envio, tiempo, costo) values (32, 'HSPT121130MVZYGR35', 25451040.51, 'Melody', '2021/01/08', '3', 72343.92);
insert into envio_express (id_envio_express, curp_repartidor, precio, estado, tiempo_de_envio, tiempo, costo) values (33, 'DGXW921230HZSETA04', 80362695.42, 'Buell', '2021/01/06', '1', 35799.39);
insert into envio_express (id_envio_express, curp_repartidor, precio, estado, tiempo_de_envio, tiempo, costo) values (34, 'NTEW221231HZSUCM73', 18630806.73, 'Oriole', '2021/08/04', '1', 667.02);
insert into envio_express (id_envio_express, curp_repartidor, precio, estado, tiempo_de_envio, tiempo, costo) values (35, 'PGOX721130HVZSAN60', 38937594.03, 'Dixon', '2021/06/08', '2', 30650.02);
insert into envio_express (id_envio_express, curp_repartidor, precio, estado, tiempo_de_envio, tiempo, costo) values (36, 'JICQ921231HZSBVG40', 94141978.36, 'Melvin', '2021/07/11', '1', 61508.7);
insert into envio_express (id_envio_express, curp_repartidor, precio, estado, tiempo_de_envio, tiempo, costo) values (37, 'BLTF621209HTCRZJ09', 72455447.8, 'Graedel', '2021/06/15', '2', 72076.45);
insert into envio_express (id_envio_express, curp_repartidor, precio, estado, tiempo_de_envio, tiempo, costo) values (38, 'CFIZ721031HTCQMG24', 61468519.04, 'Mallard', '2021/11/25', '2', 22396.08);
insert into envio_express (id_envio_express, curp_repartidor, precio, estado, tiempo_de_envio, tiempo, costo) values (39, 'AIRJ621216MYNYMX08', 83351793.9, 'Maple', '2021/07/08', '3', 20870.44);
insert into envio_express (id_envio_express, curp_repartidor, precio, estado, tiempo_de_envio, tiempo, costo) values (40, 'CFIZ721031HTCQMG24', 63884028.87, 'Vernon', '2020/12/19', '2', 81440.46);
insert into envio_express (id_envio_express, curp_repartidor, precio, estado, tiempo_de_envio, tiempo, costo) values (41, 'DWOT120031HYNPAG86', 69627990.61, 'Grayhawk', '2021/05/07', '1', 85807.88);
insert into envio_express (id_envio_express, curp_repartidor, precio, estado, tiempo_de_envio, tiempo, costo) values (42, 'DMIS521231MZSMRJ82', 5898989.0, 'Erie', '2021/04/23', '1', 85261.01);
insert into envio_express (id_envio_express, curp_repartidor, precio, estado, tiempo_de_envio, tiempo, costo) values (43, 'VHSO921003MYNQDM39', 93585007.67, 'Mallard', '2021/05/04', '3', 33275.43);
insert into envio_express (id_envio_express, curp_repartidor, precio, estado, tiempo_de_envio, tiempo, costo) values (44, 'VJTP121115MYNSOX03', 31409650.65, 'Paget', '2021/09/17', '3', 75389.18);
insert into envio_express (id_envio_express, curp_repartidor, precio, estado, tiempo_de_envio, tiempo, costo) values (45, 'KTEW021231HYNYQC90', 97291489.93, 'Hallows', '2021/12/12', '3', 84043.24);
insert into envio_express (id_envio_express, curp_repartidor, precio, estado, tiempo_de_envio, tiempo, costo) values (46, 'DGXW921230HZSETA04', 69217957.17, 'Lukken', '2020/12/23', '1', 94027.39);
insert into envio_express (id_envio_express, curp_repartidor, precio, estado, tiempo_de_envio, tiempo, costo) values (47, 'BCEK021131HVZYTF07', 49290808.78, 'Carey', '2021/08/19', '2', 28377.16);
insert into envio_express (id_envio_express, curp_repartidor, precio, estado, tiempo_de_envio, tiempo, costo) values (48, 'HNOS721217MTCVTL96', 7574935.59, 'North', '2021/05/07', '3', 32443.19);
insert into envio_express (id_envio_express, curp_repartidor, precio, estado, tiempo_de_envio, tiempo, costo) values (49, 'BQLF821212HZSSZF72', 51544724.49, 'Bayside', '2021/02/15', '2', 22007.1);
insert into envio_express (id_envio_express, curp_repartidor, precio, estado, tiempo_de_envio, tiempo, costo) values (50, 'FSXP721205MZSAJT80', 4419642.0, 'Grayhawk', '2021/06/23', '3', 61091.79);
insert into envio_express (id_envio_express, curp_repartidor, precio, estado, tiempo_de_envio, tiempo, costo) values (51, 'SBPN421030HZSMRZ70', 97402020.92, 'Grover', '2021/10/24', '1', 33563.75);
insert into envio_express (id_envio_express, curp_repartidor, precio, estado, tiempo_de_envio, tiempo, costo) values (52, 'IQPR321230HZSMCW91', 46962516.02, 'Amoth', '2021/07/14', '2', 88570.34);
insert into envio_express (id_envio_express, curp_repartidor, precio, estado, tiempo_de_envio, tiempo, costo) values (53, 'AWMB121231HZSATI77', 129953.03, 'Debra', '2021/09/28', '2', 52205.48);
insert into envio_express (id_envio_express, curp_repartidor, precio, estado, tiempo_de_envio, tiempo, costo) values (54, 'LEWC320701MYNGLC28', 69322016.93, 'Talisman', '2021/01/19', '3', 97575.6);
insert into envio_express (id_envio_express, curp_repartidor, precio, estado, tiempo_de_envio, tiempo, costo) values (55, 'SJGO720331HVZEMS58', 81244292.3, 'Sycamore', '2021/05/24', '1', 3950.47);
insert into envio_express (id_envio_express, curp_repartidor, precio, estado, tiempo_de_envio, tiempo, costo) values (56, 'NTEW221231HZSUCM73', 59379908.96, 'Iowa', '2021/05/30', '1', 36228.26);
insert into envio_express (id_envio_express, curp_repartidor, precio, estado, tiempo_de_envio, tiempo, costo) values (57, 'PXGZ621015MZSLVJ92', 96207724.37, 'Eliot', '2021/05/18', '2', 39022.0);
insert into envio_express (id_envio_express, curp_repartidor, precio, estado, tiempo_de_envio, tiempo, costo) values (58, 'FNUX220531MZSPYZ98', 85396820.27, 'Arrowood', '2021/01/07', '2', 74623.11);
insert into envio_express (id_envio_express, curp_repartidor, precio, estado, tiempo_de_envio, tiempo, costo) values (59, 'VIXM620731HZSEDX24', 3371300.84, 'Eliot', '2021/03/06', '2', 65354.96);
insert into envio_express (id_envio_express, curp_repartidor, precio, estado, tiempo_de_envio, tiempo, costo) values (60, 'XKTZ121231HZSSUM66', 55644154.26, 'Starling', '2021/07/28', '3', 35632.03);
insert into envio_express (id_envio_express, curp_repartidor, precio, estado, tiempo_de_envio, tiempo, costo) values (61, 'WMQI921231MZSQMP83', 28458975.3, 'Sutherland', '2020/12/15', '2', 62002.59);
insert into envio_express (id_envio_express, curp_repartidor, precio, estado, tiempo_de_envio, tiempo, costo) values (62, 'KDZQ021130MTSGIN78', 49746435.09, 'Algoma', '2021/08/04', '2', 76287.79);
insert into envio_express (id_envio_express, curp_repartidor, precio, estado, tiempo_de_envio, tiempo, costo) values (63, 'WGAR321231MYNTYF48', 43117906.25, 'Florence', '2020/12/24', '3', 88338.93);
insert into envio_express (id_envio_express, curp_repartidor, precio, estado, tiempo_de_envio, tiempo, costo) values (64, 'VPJL820000MYNMCK71', 73960853.38, 'Waxwing', '2021/01/15', '1', 51313.26);
insert into envio_express (id_envio_express, curp_repartidor, precio, estado, tiempo_de_envio, tiempo, costo) values (65, 'AWMB121231HZSATI77', 45365830.22, 'Menomonie', '2021/11/28', '2', 18510.66);
insert into envio_express (id_envio_express, curp_repartidor, precio, estado, tiempo_de_envio, tiempo, costo) values (66, 'LHQZ221203MZSJDP05', 64225589.19, 'Northland', '2021/12/01', '1', 16954.09);
insert into envio_express (id_envio_express, curp_repartidor, precio, estado, tiempo_de_envio, tiempo, costo) values (67, 'PDGK421131HYNUFS04', 72944178.89, 'Warner', '2021/02/28', '3', 59421.83);
insert into envio_express (id_envio_express, curp_repartidor, precio, estado, tiempo_de_envio, tiempo, costo) values (68, 'PXGZ621015MZSLVJ92', 65624357.53, 'Washington', '2021/05/12', '3', 66591.23);
insert into envio_express (id_envio_express, curp_repartidor, precio, estado, tiempo_de_envio, tiempo, costo) values (69, 'RFGX021031MZSBYQ23', 21189219.69, 'Ryan', '2021/04/23', '3', 30517.68);
insert into envio_express (id_envio_express, curp_repartidor, precio, estado, tiempo_de_envio, tiempo, costo) values (70, 'GPXS821113MVZBWT98', 11572035.25, 'Forster', '2021/09/05', '2', 16488.59);
insert into envio_express (id_envio_express, curp_repartidor, precio, estado, tiempo_de_envio, tiempo, costo) values (71, 'MVIH921130MZSNEK36', 26773472.51, 'Eagan', '2021/02/11', '1', 73846.93);
insert into envio_express (id_envio_express, curp_repartidor, precio, estado, tiempo_de_envio, tiempo, costo) values (72, 'WOAH021231MZSOEM37', 4414568.0, 'Crowley', '2021/07/23', '3', 36733.0);
insert into envio_express (id_envio_express, curp_repartidor, precio, estado, tiempo_de_envio, tiempo, costo) values (73, 'AWMB121231HZSATI77', 19508415.98, 'Homewood', '2021/05/16', '1', 16687.87);
insert into envio_express (id_envio_express, curp_repartidor, precio, estado, tiempo_de_envio, tiempo, costo) values (74, 'AGPN521117HVZYQH48', 99989805.44, 'Rockefeller', '2021/08/12', '3', 7631.77);
insert into envio_express (id_envio_express, curp_repartidor, precio, estado, tiempo_de_envio, tiempo, costo) values (75, 'KTEW021231HYNYQC90', 5477974.17, 'School', '2021/08/13', '3', 11142.28);
insert into envio_express (id_envio_express, curp_repartidor, precio, estado, tiempo_de_envio, tiempo, costo) values (76, 'LHQZ221203MZSJDP05', 70466676.8, 'Lotheville', '2021/09/18', '2', 76146.18);
insert into envio_express (id_envio_express, curp_repartidor, precio, estado, tiempo_de_envio, tiempo, costo) values (77, 'BLTF621209HTCRZJ09', 6456597.0, 'Novick', '2021/02/05', '3', 53550.74);
insert into envio_express (id_envio_express, curp_repartidor, precio, estado, tiempo_de_envio, tiempo, costo) values (78, 'GBFV921131MYNWIX81', 54546154.72, 'Gina', '2021/08/13', '1', 22706.19);
insert into envio_express (id_envio_express, curp_repartidor, precio, estado, tiempo_de_envio, tiempo, costo) values (79, 'JGBV021209HZSSWX26', 34325020.93, 'Crescent Oaks', '2021/06/09', '3', 93710.65);
insert into envio_express (id_envio_express, curp_repartidor, precio, estado, tiempo_de_envio, tiempo, costo) values (80, 'PGOX721130HVZSAN60', 7568404.0, 'Lillian', '2021/06/12', '1', 85542.21);
insert into envio_express (id_envio_express, curp_repartidor, precio, estado, tiempo_de_envio, tiempo, costo) values (81, 'FNUX220531MZSPYZ98', 68669361.06, 'Kennedy', '2021/05/27', '1', 28974.48);
insert into envio_express (id_envio_express, curp_repartidor, precio, estado, tiempo_de_envio, tiempo, costo) values (82, 'WENS521200MVZHKD52', 67472692.64, '8th', '2021/03/11', '3', 41297.54);
insert into envio_express (id_envio_express, curp_repartidor, precio, estado, tiempo_de_envio, tiempo, costo) values (83, 'HQSR321031MYNWYZ62', 54644082.91, 'Coleman', '2021/07/30', '3', 43509.9);
insert into envio_express (id_envio_express, curp_repartidor, precio, estado, tiempo_de_envio, tiempo, costo) values (84, 'XKGH621000MZSGXU17', 65661901.43, 'Nancy', '2021/01/19', '1', 52585.45);
insert into envio_express (id_envio_express, curp_repartidor, precio, estado, tiempo_de_envio, tiempo, costo) values (85, 'LRVU521210MZSTBF58', 3518815.05, 'Weeping Birch', '2020/12/18', '3', 12629.47);
insert into envio_express (id_envio_express, curp_repartidor, precio, estado, tiempo_de_envio, tiempo, costo) values (86, 'FKHI221231MZSEBX72', 49938077.91, 'Hudson', '2021/04/17', '1', 65487.51);
insert into envio_express (id_envio_express, curp_repartidor, precio, estado, tiempo_de_envio, tiempo, costo) values (87, 'NXSM221231MYNSBY82', 65910855.16, 'Burrows', '2021/07/01', '1', 77706.9);
insert into envio_express (id_envio_express, curp_repartidor, precio, estado, tiempo_de_envio, tiempo, costo) values (88, 'XFHT721216MYNJQA50', 71283683.4, 'Marcy', '2021/11/22', '2', 80261.99);
insert into envio_express (id_envio_express, curp_repartidor, precio, estado, tiempo_de_envio, tiempo, costo) values (89, 'WCHV321031MTSDFW82', 84124010.66, 'Dwight', '2021/09/28', '3', 45867.44);
insert into envio_express (id_envio_express, curp_repartidor, precio, estado, tiempo_de_envio, tiempo, costo) values (90, 'LGMH321113MZSMNJ52', 8529022.0, 'Mendota', '2021/07/25', '1', 29273.36);
insert into envio_express (id_envio_express, curp_repartidor, precio, estado, tiempo_de_envio, tiempo, costo) values (91, 'CDYW321130HVZONA75', 36561253.61, 'Homewood', '2021/03/17', '3', 53191.35);
insert into envio_express (id_envio_express, curp_repartidor, precio, estado, tiempo_de_envio, tiempo, costo) values (92, 'WUTD721030HVZJZV74', 23199534.78, 'Emmet', '2021/06/11', '2', 90673.22);
insert into envio_express (id_envio_express, curp_repartidor, precio, estado, tiempo_de_envio, tiempo, costo) values (93, 'JLWQ221207HTSUVW22', 66207002.17, 'Warner', '2021/11/26', '3', 67936.04);
insert into envio_express (id_envio_express, curp_repartidor, precio, estado, tiempo_de_envio, tiempo, costo) values (94, 'ZXAQ121131HZSQCL79', 45956930.4, 'Pond', '2021/04/03', '2', 10746.84);
insert into envio_express (id_envio_express, curp_repartidor, precio, estado, tiempo_de_envio, tiempo, costo) values (95, 'KTEW021231HYNYQC90', 2528730.3, 'Onsgard', '2021/05/03', '3', 76306.68);
insert into envio_express (id_envio_express, curp_repartidor, precio, estado, tiempo_de_envio, tiempo, costo) values (96, 'XKGH621000MZSGXU17', 40704793.92, 'Morrow', '2021/05/12', '3', 44940.77);
insert into envio_express (id_envio_express, curp_repartidor, precio, estado, tiempo_de_envio, tiempo, costo) values (97, 'HSPT121130MVZYGR35', 62529998.88, 'Pleasure', '2021/08/30', '3', 71580.85);
insert into envio_express (id_envio_express, curp_repartidor, precio, estado, tiempo_de_envio, tiempo, costo) values (98, 'IDYV921202MZSUVL52', 78865462.1, 'Morningstar', '2021/11/27', '2', 44971.19);
insert into envio_express (id_envio_express, curp_repartidor, precio, estado, tiempo_de_envio, tiempo, costo) values (99, 'DWOT120031HYNPAG86', 64975948.79, 'Stoughton', '2021/10/31', '2', 74451.09);
insert into envio_express (id_envio_express, curp_repartidor, precio, estado, tiempo_de_envio, tiempo, costo) values (100, 'KJVQ020031HTSXVE19', 69176624.35, 'Northwestern', '2021/06/29', '1', 71317.9);

insert into pedido (ID_pedido, curp_cliente, id_envio_express, id_envio_normal, hora, metodoPago, fecha) values (1, 'FZVK621231MYNMLX15', 92, 2191618101512, '5:22 PM', 'diners-club-carte-blanche', '2021/11/08');
insert into pedido (ID_pedido, curp_cliente, id_envio_express, id_envio_normal, hora, metodoPago, fecha) values (2, 'XVQK421131HZSZUX96', 94, 8131818141918, '10:12 AM', 'jcb', '2021/11/09');
insert into pedido (ID_pedido, curp_cliente, id_envio_express, id_envio_normal, hora, metodoPago, fecha) values (3, 'GCKX421131HYNFWM60', 25, 3151319151311, '1:05 AM', 'jcb', '2021/09/03');
insert into pedido (ID_pedido, curp_cliente, id_envio_express, id_envio_normal, hora, metodoPago, fecha) values (4, 'FNCB421230MZSRZY37', 29, 6111817161015, '8:24 AM', 'jcb', '2021/01/10');
insert into pedido (ID_pedido, curp_cliente, id_envio_express, id_envio_normal, hora, metodoPago, fecha) values (5, 'RZCJ821208MZSBKW13', 3, 5131918141010, '10:24 PM', 'bankcard', '2021/06/07');
insert into pedido (ID_pedido, curp_cliente, id_envio_express, id_envio_normal, hora, metodoPago, fecha) values (6, 'UICW320504MVZSXV86', 51, 5131610151310, '4:53 PM', 'mastercard', '2021/02/06');
insert into pedido (ID_pedido, curp_cliente, id_envio_express, id_envio_normal, hora, metodoPago, fecha) values (7, 'XVQK421131HZSZUX96', 25, 8101116181915, '2:30 PM', 'maestro', '2021/02/05');
insert into pedido (ID_pedido, curp_cliente, id_envio_express, id_envio_normal, hora, metodoPago, fecha) values (8, 'MFOK021100MZSLEK39', 23, 7171012121212, '5:44 AM', 'mastercard', '2021/05/24');
insert into pedido (ID_pedido, curp_cliente, id_envio_express, id_envio_normal, hora, metodoPago, fecha) values (9, 'WATL621110HZSQYV71', 13, 4181716161916, '7:47 AM', 'laser', '2021/09/06');
insert into pedido (ID_pedido, curp_cliente, id_envio_express, id_envio_normal, hora, metodoPago, fecha) values (10, 'TEYX821116HZSDHC89', 16, 1171716131912, '8:10 AM', 'americanexpress', '2021/11/24');
insert into pedido (ID_pedido, curp_cliente, id_envio_express, id_envio_normal, hora, metodoPago, fecha) values (11, 'AMHJ721118MZSJVZ31', 43, 4121218181810, '1:45 AM', 'mastercard', '2021/09/18');
insert into pedido (ID_pedido, curp_cliente, id_envio_express, id_envio_normal, hora, metodoPago, fecha) values (12, 'TFIW221130HTSMNE66', 24, 5101414161515, '3:53 PM', 'jcb', '2021/03/13');
insert into pedido (ID_pedido, curp_cliente, id_envio_express, id_envio_normal, hora, metodoPago, fecha) values (13, 'AUCL921230MVZNUD55', 53, 3101315121510, '11:45 AM', 'china-unionpay', '2021/10/25');
insert into pedido (ID_pedido, curp_cliente, id_envio_express, id_envio_normal, hora, metodoPago, fecha) values (14, 'TEYX821116HZSDHC89', 32, 4131816191814, '12:40 PM', 'jcb', '2020/12/30');
insert into pedido (ID_pedido, curp_cliente, id_envio_express, id_envio_normal, hora, metodoPago, fecha) values (15, 'MTHZ221130HYNKUL91', 71, 8191411171313, '6:53 PM', 'jcb', '2021/09/20');
insert into pedido (ID_pedido, curp_cliente, id_envio_express, id_envio_normal, hora, metodoPago, fecha) values (16, 'AJHT421231HTCVYC84', 19, 2161110191310, '5:37 AM', 'maestro', '2021/11/11');
insert into pedido (ID_pedido, curp_cliente, id_envio_express, id_envio_normal, hora, metodoPago, fecha) values (17, 'LFXW921231MTCEFU02', 56, 2101412101617, '11:30 PM', 'jcb', '2021/08/14');
insert into pedido (ID_pedido, curp_cliente, id_envio_express, id_envio_normal, hora, metodoPago, fecha) values (18, 'ZJBH021002MYNMER90', 37, 111111181011, '1:33 AM', 'jcb', '2021/05/28');
insert into pedido (ID_pedido, curp_cliente, id_envio_express, id_envio_normal, hora, metodoPago, fecha) values (19, 'DQTJ621130MYNKAW11', 27, 8141117171217, '3:49 AM', 'mastercard', '2021/02/03');
insert into pedido (ID_pedido, curp_cliente, id_envio_express, id_envio_normal, hora, metodoPago, fecha) values (20, 'NEXP121009HZSNMA83', 90, 4171112101415, '1:20 AM', 'laser', '2021/11/19');
insert into pedido (ID_pedido, curp_cliente, id_envio_express, id_envio_normal, hora, metodoPago, fecha) values (21, 'MXPC921231MZSHRN21', 79, 1111113151914, '4:35 AM', 'jcb', '2021/07/05');
insert into pedido (ID_pedido, curp_cliente, id_envio_express, id_envio_normal, hora, metodoPago, fecha) values (22, 'UICW320504MVZSXV86', 59, 1111113151914, '8:12 AM', 'bankcard', '2021/11/24');
insert into pedido (ID_pedido, curp_cliente, id_envio_express, id_envio_normal, hora, metodoPago, fecha) values (23, 'WMFE221230MZSJPF40', 27, 1111113151914, '4:45 PM', 'visa-electron', '2021/10/07');
insert into pedido (ID_pedido, curp_cliente, id_envio_express, id_envio_normal, hora, metodoPago, fecha) values (24, 'RJFB721030HZSLRE90', 6, 8141711191217, '3:28 PM', 'visa-electron', '2021/11/09');
insert into pedido (ID_pedido, curp_cliente, id_envio_express, id_envio_normal, hora, metodoPago, fecha) values (25, 'JBTK421230MYNHNP33', 34, 101516111813, '11:03 AM', 'jcb', '2021/08/07');
insert into pedido (ID_pedido, curp_cliente, id_envio_express, id_envio_normal, hora, metodoPago, fecha) values (26, 'QWRY820730MZSLZC24', 38, 9171713101715, '7:21 PM', 'bankcard', '2021/07/20');
insert into pedido (ID_pedido, curp_cliente, id_envio_express, id_envio_normal, hora, metodoPago, fecha) values (27, 'AMHJ721118MZSJVZ31', 34, 7171012121212, '4:16 AM', 'diners-club-enroute', '2021/03/23');
insert into pedido (ID_pedido, curp_cliente, id_envio_express, id_envio_normal, hora, metodoPago, fecha) values (28, 'KCUL121131MTSXDZ96', 81, 1191410191414, '2:16 PM', 'jcb', '2021/06/16');
insert into pedido (ID_pedido, curp_cliente, id_envio_express, id_envio_normal, hora, metodoPago, fecha) values (29, 'QJMF521030MTSNGV35', 19, 5111018131918, '8:08 PM', 'maestro', '2021/05/13');
insert into pedido (ID_pedido, curp_cliente, id_envio_express, id_envio_normal, hora, metodoPago, fecha) values (30, 'VUHJ521218HTSQPM17', 80, 2161110191818, '5:53 PM', 'jcb', '2021/11/29');
insert into pedido (ID_pedido, curp_cliente, id_envio_express, id_envio_normal, hora, metodoPago, fecha) values (31, 'LEZO421130MZSQAO81', 77, 6121114101514, '7:02 AM', 'mastercard', '2021/05/07');
insert into pedido (ID_pedido, curp_cliente, id_envio_express, id_envio_normal, hora, metodoPago, fecha) values (32, 'QWRY820730MZSLZC24', 100, 2161110191310, '3:58 PM', 'diners-club-enroute', '2021/12/02');
insert into pedido (ID_pedido, curp_cliente, id_envio_express, id_envio_normal, hora, metodoPago, fecha) values (33, 'WATL621110HZSQYV71', 55, 1171111101618, '4:07 AM', 'diners-club-international', '2021/10/04');
insert into pedido (ID_pedido, curp_cliente, id_envio_express, id_envio_normal, hora, metodoPago, fecha) values (34, 'DZVT920831MZSHSN66', 100, 2131411141013, '10:44 AM', 'jcb', '2021/04/09');
insert into pedido (ID_pedido, curp_cliente, id_envio_express, id_envio_normal, hora, metodoPago, fecha) values (35, 'AJHT421231HTCVYC84', 57, 1151016121018, '5:04 PM', 'jcb', '2021/09/23');
insert into pedido (ID_pedido, curp_cliente, id_envio_express, id_envio_normal, hora, metodoPago, fecha) values (36, 'DOYT021231HYNVKP51', 68, 9131719191015, '9:26 PM', 'americanexpress', '2021/01/13');
insert into pedido (ID_pedido, curp_cliente, id_envio_express, id_envio_normal, hora, metodoPago, fecha) values (37, 'TFIW221130HTSMNE66', 79, 3151319151311, '4:34 AM', 'switch', '2021/07/21');
insert into pedido (ID_pedido, curp_cliente, id_envio_express, id_envio_normal, hora, metodoPago, fecha) values (38, 'JBTK421230MYNHNP33', 11, 6181414111112, '2:47 AM', 'mastercard', '2021/10/10');
insert into pedido (ID_pedido, curp_cliente, id_envio_express, id_envio_normal, hora, metodoPago, fecha) values (39, 'GAVK321131HZSFKI86', 27, 3141911151718, '8:10 AM', 'jcb', '2021/02/10');
insert into pedido (ID_pedido, curp_cliente, id_envio_express, id_envio_normal, hora, metodoPago, fecha) values (40, 'RZCJ821208MZSBKW13', 11, 1151016121018, '2:52 AM', 'mastercard', '2021/01/21');
insert into pedido (ID_pedido, curp_cliente, id_envio_express, id_envio_normal, hora, metodoPago, fecha) values (41, 'MXPC921231MZSHRN21', 24, 4131816191814, '2:27 PM', 'china-unionpay', '2021/12/11');
insert into pedido (ID_pedido, curp_cliente, id_envio_express, id_envio_normal, hora, metodoPago, fecha) values (42, 'DKSU421031MTCERN70', 20, 1171716131912, '8:23 PM', 'diners-club-carte-blanche', '2021/03/04');
insert into pedido (ID_pedido, curp_cliente, id_envio_express, id_envio_normal, hora, metodoPago, fecha) values (43, 'UCDG021031HSRMQB67', 24, 2161219121919, '5:51 AM', 'jcb', '2021/08/05');
insert into pedido (ID_pedido, curp_cliente, id_envio_express, id_envio_normal, hora, metodoPago, fecha) values (44, 'SDTJ121017HZSMOC87', 74, 4141513141213, '8:30 PM', 'bankcard', '2021/02/23');
insert into pedido (ID_pedido, curp_cliente, id_envio_express, id_envio_normal, hora, metodoPago, fecha) values (45, 'SYMT520230MZSRNX14', 21, 5111017111412, '6:16 PM', 'solo', '2020/12/22');
insert into pedido (ID_pedido, curp_cliente, id_envio_express, id_envio_normal, hora, metodoPago, fecha) values (46, 'GAVK321131HZSFKI86', 58, 9171316121315, '2:36 PM', 'switch', '2021/09/28');
insert into pedido (ID_pedido, curp_cliente, id_envio_express, id_envio_normal, hora, metodoPago, fecha) values (47, 'TFIW221130HTSMNE66', 50, 3181716131615, '5:49 AM', 'jcb', '2021/04/05');
insert into pedido (ID_pedido, curp_cliente, id_envio_express, id_envio_normal, hora, metodoPago, fecha) values (48, 'LIYN221231HVZJBI91', 55, 4131816191814, '10:00 PM', 'jcb', '2021/09/11');
insert into pedido (ID_pedido, curp_cliente, id_envio_express, id_envio_normal, hora, metodoPago, fecha) values (49, 'IMZO921203MZSVKN50', 13, 2161110191818, '5:08 PM', 'jcb', '2020/12/27');
insert into pedido (ID_pedido, curp_cliente, id_envio_express, id_envio_normal, hora, metodoPago, fecha) values (50, 'DKSU421031MTCERN70', 31, 3191311181111, '4:16 AM', 'mastercard', '2021/06/29');
insert into pedido (ID_pedido, curp_cliente, id_envio_express, id_envio_normal, hora, metodoPago, fecha) values (51, 'DQTJ621130MYNKAW11', 80, 2191618101512, '10:27 AM', 'jcb', '2021/03/14');
insert into pedido (ID_pedido, curp_cliente, id_envio_express, id_envio_normal, hora, metodoPago, fecha) values (52, 'ZGER021130MYNZPB01', 85, 4131816191814, '11:31 PM', 'visa-electron', '2021/08/09');
insert into pedido (ID_pedido, curp_cliente, id_envio_express, id_envio_normal, hora, metodoPago, fecha) values (53, 'YWLS121231MZSDJU15', 57, 2151616121713, '2:57 PM', 'mastercard', '2021/03/26');
insert into pedido (ID_pedido, curp_cliente, id_envio_express, id_envio_normal, hora, metodoPago, fecha) values (54, 'KCUL121131MTSXDZ96', 47, 2151616121713, '7:48 PM', 'jcb', '2021/09/04');
insert into pedido (ID_pedido, curp_cliente, id_envio_express, id_envio_normal, hora, metodoPago, fecha) values (55, 'RJFB721030HZSLRE90', 23, 1101912181012, '4:41 AM', 'mastercard', '2021/05/20');
insert into pedido (ID_pedido, curp_cliente, id_envio_express, id_envio_normal, hora, metodoPago, fecha) values (56, 'NLYP821202MZSPNS93', 47, 6111817161015, '6:22 AM', 'maestro', '2021/10/28');
insert into pedido (ID_pedido, curp_cliente, id_envio_express, id_envio_normal, hora, metodoPago, fecha) values (57, 'MFOK021100MZSLEK39', 21, 9171316121315, '2:51 AM', 'visa-electron', '2021/07/28');
insert into pedido (ID_pedido, curp_cliente, id_envio_express, id_envio_normal, hora, metodoPago, fecha) values (58, 'VPHT621114HYNLPC29', 33, 2191915131917, '2:32 PM', 'jcb', '2021/06/18');
insert into pedido (ID_pedido, curp_cliente, id_envio_express, id_envio_normal, hora, metodoPago, fecha) values (59, 'MDZP621231HZSTXU76', 32, 2131411141013, '6:32 AM', 'jcb', '2021/04/21');
insert into pedido (ID_pedido, curp_cliente, id_envio_express, id_envio_normal, hora, metodoPago, fecha) values (60, 'XLVS621207HYNQAI50', 12, 1141316121313, '4:02 AM', 'jcb', '2020/12/21');
insert into pedido (ID_pedido, curp_cliente, id_envio_express, id_envio_normal, hora, metodoPago, fecha) values (61, 'LEZO421130MZSQAO81', 26, 7171514161911, '12:29 AM', 'jcb', '2021/03/17');
insert into pedido (ID_pedido, curp_cliente, id_envio_express, id_envio_normal, hora, metodoPago, fecha) values (62, 'BIYT021119MZSXFC75', 53, 3141911151718, '2:32 AM', 'jcb', '2021/08/07');
insert into pedido (ID_pedido, curp_cliente, id_envio_express, id_envio_normal, hora, metodoPago, fecha) values (63, 'KCUL121131MTSXDZ96', 70, 111111181011, '11:39 AM', 'visa-electron', '2020/12/28');
insert into pedido (ID_pedido, curp_cliente, id_envio_express, id_envio_normal, hora, metodoPago, fecha) values (64, 'PDRN021130HYNANR07', 8, 5191312181016, '4:28 PM', 'bankcard', '2021/05/24');
insert into pedido (ID_pedido, curp_cliente, id_envio_express, id_envio_normal, hora, metodoPago, fecha) values (65, 'NLYP821202MZSPNS93', 29, 1141311171614, '10:01 PM', 'jcb', '2021/07/19');
insert into pedido (ID_pedido, curp_cliente, id_envio_express, id_envio_normal, hora, metodoPago, fecha) values (66, 'DZVT920831MZSHSN66', 93, 6191113101213, '6:09 AM', 'visa-electron', '2021/03/26');
insert into pedido (ID_pedido, curp_cliente, id_envio_express, id_envio_normal, hora, metodoPago, fecha) values (67, 'XLVS621207HYNQAI50', 25, 9171316121315, '1:54 PM', 'jcb', '2021/11/06');
insert into pedido (ID_pedido, curp_cliente, id_envio_express, id_envio_normal, hora, metodoPago, fecha) values (68, 'BYRX821230HVZJAF46', 96, 3181716131615, '7:43 AM', 'laser', '2021/04/15');
insert into pedido (ID_pedido, curp_cliente, id_envio_express, id_envio_normal, hora, metodoPago, fecha) values (69, 'BYRX821230HVZJAF46', 84, 1111113151914, '1:48 AM', 'mastercard', '2021/02/25');
insert into pedido (ID_pedido, curp_cliente, id_envio_express, id_envio_normal, hora, metodoPago, fecha) values (70, 'QYPE121130HZSCXN48', 37, 1141311171614, '5:18 PM', 'switch', '2021/11/29');
insert into pedido (ID_pedido, curp_cliente, id_envio_express, id_envio_normal, hora, metodoPago, fecha) values (71, 'WDCR821200MZSFMO20', 72, 3151319151311, '5:45 AM', 'mastercard', '2021/07/05');
insert into pedido (ID_pedido, curp_cliente, id_envio_express, id_envio_normal, hora, metodoPago, fecha) values (72, 'ANFL021231HZSFWH34', 23, 6161319101419, '10:55 PM', 'jcb', '2021/01/10');
insert into pedido (ID_pedido, curp_cliente, id_envio_express, id_envio_normal, hora, metodoPago, fecha) values (73, 'NEXP121009HZSNMA83', 75, 2161718131719, '5:15 PM', 'mastercard', '2021/10/24');
insert into pedido (ID_pedido, curp_cliente, id_envio_express, id_envio_normal, hora, metodoPago, fecha) values (74, 'RMCA321214HZSLCP73', 98, 5121918101519, '11:34 AM', 'americanexpress', '2021/01/11');
insert into pedido (ID_pedido, curp_cliente, id_envio_express, id_envio_normal, hora, metodoPago, fecha) values (75, 'MXPC921231MZSHRN21', 14, 2171117191416, '8:06 PM', 'visa-electron', '2021/03/06');
insert into pedido (ID_pedido, curp_cliente, id_envio_express, id_envio_normal, hora, metodoPago, fecha) values (76, 'AJHT421231HTCVYC84', 7, 2151616121713, '11:38 AM', 'mastercard', '2021/03/03');
insert into pedido (ID_pedido, curp_cliente, id_envio_express, id_envio_normal, hora, metodoPago, fecha) values (77, 'DZVT920831MZSHSN66', 45, 6121114101514, '5:37 AM', 'jcb', '2021/02/07');
insert into pedido (ID_pedido, curp_cliente, id_envio_express, id_envio_normal, hora, metodoPago, fecha) values (78, 'YJIE921231HYNIUR87', 43, 2101018101917, '5:20 AM', 'jcb', '2021/07/19');
insert into pedido (ID_pedido, curp_cliente, id_envio_express, id_envio_normal, hora, metodoPago, fecha) values (79, 'BYRX821230HVZJAF46', 5, 2161219121919, '12:34 PM', 'jcb', '2021/10/25');
insert into pedido (ID_pedido, curp_cliente, id_envio_express, id_envio_normal, hora, metodoPago, fecha) values (80, 'PNGV820231HYNFRT85', 53, 4121218181810, '10:45 PM', 'diners-club-enroute', '2021/01/21');
insert into pedido (ID_pedido, curp_cliente, id_envio_express, id_envio_normal, hora, metodoPago, fecha) values (81, 'XAMK221231HTCNPZ17', 61, 8191411171313, '3:17 PM', 'diners-club-carte-blanche', '2021/08/13');
insert into pedido (ID_pedido, curp_cliente, id_envio_express, id_envio_normal, hora, metodoPago, fecha) values (82, 'SDTJ121017HZSMOC87', 92, 1131611161914, '10:59 PM', 'china-unionpay', '2021/02/01');
insert into pedido (ID_pedido, curp_cliente, id_envio_express, id_envio_normal, hora, metodoPago, fecha) values (83, 'YRSM021230MZSFPM26', 85, 1141311171614, '10:55 PM', 'mastercard', '2021/02/07');
insert into pedido (ID_pedido, curp_cliente, id_envio_express, id_envio_normal, hora, metodoPago, fecha) values (84, 'UCDG021031HSRMQB67', 53, 5111017111412, '10:33 AM', 'jcb', '2021/10/25');
insert into pedido (ID_pedido, curp_cliente, id_envio_express, id_envio_normal, hora, metodoPago, fecha) values (85, 'BKQI921231MZSQDH90', 94, 6131817151018, '9:45 AM', 'maestro', '2021/02/12');
insert into pedido (ID_pedido, curp_cliente, id_envio_express, id_envio_normal, hora, metodoPago, fecha) values (86, 'FAYL120930HVZUYL36', 81, 6131817151018, '1:35 PM', 'jcb', '2021/08/26');
insert into pedido (ID_pedido, curp_cliente, id_envio_express, id_envio_normal, hora, metodoPago, fecha) values (87, 'JGSZ021231MYNPRW63', 70, 4121218181810, '9:23 AM', 'jcb', '2021/02/21');
insert into pedido (ID_pedido, curp_cliente, id_envio_express, id_envio_normal, hora, metodoPago, fecha) values (88, 'WDCR821200MZSFMO20', 6, 2191618101512, '6:41 AM', 'visa-electron', '2021/11/12');
insert into pedido (ID_pedido, curp_cliente, id_envio_express, id_envio_normal, hora, metodoPago, fecha) values (89, 'BPUX321131MZSJCI32', 91, 1111113151914, '6:59 PM', 'visa-electron', '2021/03/30');
insert into pedido (ID_pedido, curp_cliente, id_envio_express, id_envio_normal, hora, metodoPago, fecha) values (90, 'MFOK021100MZSLEK39', 76, 7171012121212, '8:29 AM', 'jcb', '2021/02/01');
insert into pedido (ID_pedido, curp_cliente, id_envio_express, id_envio_normal, hora, metodoPago, fecha) values (91, 'AUCL921230MVZNUD55', 4, 5101414161515, '10:57 PM', 'bankcard', '2021/06/26');
insert into pedido (ID_pedido, curp_cliente, id_envio_express, id_envio_normal, hora, metodoPago, fecha) values (92, 'ZUBQ321212MTSPNQ59', 77, 2101412101617, '12:38 PM', 'switch', '2021/07/10');
insert into pedido (ID_pedido, curp_cliente, id_envio_express, id_envio_normal, hora, metodoPago, fecha) values (93, 'LFXW921231MTCEFU02', 99, 5161915101014, '5:56 AM', 'jcb', '2021/08/17');
insert into pedido (ID_pedido, curp_cliente, id_envio_express, id_envio_normal, hora, metodoPago, fecha) values (94, 'LFXW921231MTCEFU02', 49, 8101116181915, '2:06 AM', 'visa-electron', '2020/12/31');
insert into pedido (ID_pedido, curp_cliente, id_envio_express, id_envio_normal, hora, metodoPago, fecha) values (95, 'AUCL921230MVZNUD55', 95, 9151516191718, '8:11 AM', 'china-unionpay', '2021/07/23');
insert into pedido (ID_pedido, curp_cliente, id_envio_express, id_envio_normal, hora, metodoPago, fecha) values (96, 'IMZO921203MZSVKN50', 90, 5161915101014, '12:47 PM', 'jcb', '2021/06/14');
insert into pedido (ID_pedido, curp_cliente, id_envio_express, id_envio_normal, hora, metodoPago, fecha) values (97, 'DQTJ621130MYNKAW11', 1, 1141612171112, '5:30 AM', 'jcb', '2021/08/24');
insert into pedido (ID_pedido, curp_cliente, id_envio_express, id_envio_normal, hora, metodoPago, fecha) values (98, 'XLVS621207HYNQAI50', 88, 3141412111913, '2:45 PM', 'jcb', '2021/01/02');
insert into pedido (ID_pedido, curp_cliente, id_envio_express, id_envio_normal, hora, metodoPago, fecha) values (99, 'AUCL921230MVZNUD55', 28, 6161417161115, '7:07 PM', 'diners-club-carte-blanche', '2021/04/01');
insert into pedido (ID_pedido, curp_cliente, id_envio_express, id_envio_normal, hora, metodoPago, fecha) values (100, 'SFDG021209MTCMPS35', 71, 2171117191416, '5:27 AM', 'china-unionpay', '2021/11/19');

insert into tener (ID_pedido, codigo_barras) values (26, '5161410121512');
insert into tener (ID_pedido, codigo_barras) values (62, '9111618111215');
insert into tener (ID_pedido, codigo_barras) values (63, '4191112151516');
insert into tener (ID_pedido, codigo_barras) values (48, '9171712141911');
insert into tener (ID_pedido, codigo_barras) values (73, '8171512161014');
insert into tener (ID_pedido, codigo_barras) values (91, '1161917121915');
insert into tener (ID_pedido, codigo_barras) values (78, '4191112151516');
insert into tener (ID_pedido, codigo_barras) values (6, '7111110191917');
insert into tener (ID_pedido, codigo_barras) values (94, '7181814181817');
insert into tener (ID_pedido, codigo_barras) values (80, '2171510171814');
insert into tener (ID_pedido, codigo_barras) values (48, '5191013151918');
insert into tener (ID_pedido, codigo_barras) values (47, '3181218171612');
insert into tener (ID_pedido, codigo_barras) values (82, '3121818121718');
insert into tener (ID_pedido, codigo_barras) values (40, '7181216181414');
insert into tener (ID_pedido, codigo_barras) values (22, '5181814151310');
insert into tener (ID_pedido, codigo_barras) values (23, '1141915101413');
insert into tener (ID_pedido, codigo_barras) values (36, '9141512121013');
insert into tener (ID_pedido, codigo_barras) values (82, '1181913131614');
insert into tener (ID_pedido, codigo_barras) values (59, '2171510171814');
insert into tener (ID_pedido, codigo_barras) values (31, '0111914121619');
insert into tener (ID_pedido, codigo_barras) values (97, '9171314111810');
insert into tener (ID_pedido, codigo_barras) values (63, '1181811111216');
insert into tener (ID_pedido, codigo_barras) values (83, '0151510131210');
insert into tener (ID_pedido, codigo_barras) values (95, '9111618111215');
insert into tener (ID_pedido, codigo_barras) values (51, '6191916191310');
insert into tener (ID_pedido, codigo_barras) values (39, '6181411181314');
insert into tener (ID_pedido, codigo_barras) values (72, '5151113141210');
insert into tener (ID_pedido, codigo_barras) values (41, '8171613181316');
insert into tener (ID_pedido, codigo_barras) values (43, '0111219131718');
insert into tener (ID_pedido, codigo_barras) values (53, '3121714151718');
insert into tener (ID_pedido, codigo_barras) values (90, '5141912161619');
insert into tener (ID_pedido, codigo_barras) values (34, '0191212151818');
insert into tener (ID_pedido, codigo_barras) values (80, '6191416181916');
insert into tener (ID_pedido, codigo_barras) values (75, '7191216161512');
insert into tener (ID_pedido, codigo_barras) values (69, '4171615171716');
insert into tener (ID_pedido, codigo_barras) values (84, '6171719141315');
insert into tener (ID_pedido, codigo_barras) values (3, '0161113111518');
insert into tener (ID_pedido, codigo_barras) values (46, '5101314161412');
insert into tener (ID_pedido, codigo_barras) values (29, '5141912161619');
insert into tener (ID_pedido, codigo_barras) values (36, '7171115121614');
insert into tener (ID_pedido, codigo_barras) values (51, '4111815141514');
insert into tener (ID_pedido, codigo_barras) values (1, '6191916191310');
insert into tener (ID_pedido, codigo_barras) values (90, '1121316171911');
insert into tener (ID_pedido, codigo_barras) values (95, '9191716171112');
insert into tener (ID_pedido, codigo_barras) values (25, '3121313131411');
insert into tener (ID_pedido, codigo_barras) values (19, '8151016111412');
insert into tener (ID_pedido, codigo_barras) values (8, '1161719141716');
insert into tener (ID_pedido, codigo_barras) values (45, '2111214181111');
insert into tener (ID_pedido, codigo_barras) values (73, '8121714181311');
insert into tener (ID_pedido, codigo_barras) values (80, '2171510171814');
insert into tener (ID_pedido, codigo_barras) values (61, '7121110161415');
insert into tener (ID_pedido, codigo_barras) values (46, '1141915101413');
insert into tener (ID_pedido, codigo_barras) values (8, '0191917131719');
insert into tener (ID_pedido, codigo_barras) values (100, '3121818121718');
insert into tener (ID_pedido, codigo_barras) values (41, '8101519121916');
insert into tener (ID_pedido, codigo_barras) values (56, '0101815101211');
insert into tener (ID_pedido, codigo_barras) values (9, '9121713151718');
insert into tener (ID_pedido, codigo_barras) values (83, '5131715101516');
insert into tener (ID_pedido, codigo_barras) values (47, '9111618111215');
insert into tener (ID_pedido, codigo_barras) values (73, '4191112151516');
insert into tener (ID_pedido, codigo_barras) values (80, '2111214181111');
insert into tener (ID_pedido, codigo_barras) values (37, '5191015101611');
insert into tener (ID_pedido, codigo_barras) values (54, '8181215101516');
insert into tener (ID_pedido, codigo_barras) values (6, '5141912161619');
insert into tener (ID_pedido, codigo_barras) values (22, '2101715161116');
insert into tener (ID_pedido, codigo_barras) values (74, '7181216181414');
insert into tener (ID_pedido, codigo_barras) values (49, '5141111121216');
insert into tener (ID_pedido, codigo_barras) values (57, '1181913131614');
insert into tener (ID_pedido, codigo_barras) values (60, '4111714111916');
insert into tener (ID_pedido, codigo_barras) values (3, '2101715161116');
insert into tener (ID_pedido, codigo_barras) values (83, '2101011181410');
insert into tener (ID_pedido, codigo_barras) values (19, '6191916191310');
insert into tener (ID_pedido, codigo_barras) values (76, '1131110191810');
insert into tener (ID_pedido, codigo_barras) values (24, '9171412131817');
insert into tener (ID_pedido, codigo_barras) values (50, '5161410121512');
insert into tener (ID_pedido, codigo_barras) values (66, '8121714181311');
insert into tener (ID_pedido, codigo_barras) values (88, '9171314111810');
insert into tener (ID_pedido, codigo_barras) values (30, '9181517191515');
insert into tener (ID_pedido, codigo_barras) values (33, '5131715101516');
insert into tener (ID_pedido, codigo_barras) values (69, '3181218171612');
insert into tener (ID_pedido, codigo_barras) values (38, '4111815141514');
insert into tener (ID_pedido, codigo_barras) values (61, '3121714151718');
insert into tener (ID_pedido, codigo_barras) values (48, '9191414171015');
insert into tener (ID_pedido, codigo_barras) values (45, '6191112161918');
insert into tener (ID_pedido, codigo_barras) values (84, '1131110191810');
insert into tener (ID_pedido, codigo_barras) values (93, '0161113111518');
insert into tener (ID_pedido, codigo_barras) values (57, '0191917131719');
insert into tener (ID_pedido, codigo_barras) values (63, '5141111121216');
insert into tener (ID_pedido, codigo_barras) values (72, '5101619171012');
insert into tener (ID_pedido, codigo_barras) values (3, '8121714181311');
insert into tener (ID_pedido, codigo_barras) values (82, '9171412131817');
insert into tener (ID_pedido, codigo_barras) values (94, '4111815141514');
insert into tener (ID_pedido, codigo_barras) values (53, '9121314161318');
insert into tener (ID_pedido, codigo_barras) values (98, '8131816191313');
insert into tener (ID_pedido, codigo_barras) values (12, '5191015101611');
insert into tener (ID_pedido, codigo_barras) values (88, '5191015101611');
insert into tener (ID_pedido, codigo_barras) values (73, '9171714191015');
insert into tener (ID_pedido, codigo_barras) values (72, '7191216161512');
insert into tener (ID_pedido, codigo_barras) values (90, '8131816191313');
insert into tener (ID_pedido, codigo_barras) values (74, '9141512121013');
