id_envio_express,curp_repartidor,precio,estado,tiempo_de_envio,tiempo,costo
10000009226,QKEI420407MYNMDL69,7392804.0,Ridgeway,2021/08/15,3,135.52
10000004273,DGTM621207HZSZBO66,59911213.68,Derek,2020/12/15,1,23632.21
10000006100,BXER421230HZSUCR87,25511571.99,Spenser,2021/05/02,1,76291.48
10000001487,HQSR321031MYNWYZ62,95437332.19,Vermont,2021/01/09,3,81560.12
10000007975,AIRJ621216MYNYMX08,13486572.55,Del Sol,2021/04/24,2,13784.62
10000008129,IWFM121231MVZTZM06,93071259.98,Lyons,2021/06/16,3,1743.84
10000003181,FLER321116MTSNTD25,62625665.6,Oneill,2021/11/01,1,93986.99
10000004076,XKTZ121231HZSSUM66,48818479.91,Marcy,2021/01/24,3,99756.62
10000006752,WOAH021231MZSOEM37,18209568.31,Butternut,2021/06/11,3,9492.21
10000002795,VPJL820000MYNMCK71,1516959.69,Schurz,2021/08/05,3,85927.78
10000001533,IDYV921202MZSUVL52,842694.34,Hazelcrest,2021/08/17,3,89389.48
10000002741,MXEH721131MTSFUJ22,74382022.12,Grayhawk,2021/02/28,2,62870.67
10000009368,WMQI921231MZSQMP83,56963456.22,Bunting,2021/06/29,2,87366.35
10000000642,SBPN421030HZSMRZ70,69685753.88,Valley Edge,2021/02/24,2,43836.17
10000004898,LRVU521210MZSTBF58,72821412.3,Monica,2021/10/15,3,21361.7
10000009778,LOJM421131HTSWVJ47,87855958.17,Declaration,2021/09/30,3,27695.2
10000004812,CFIZ721031HTCQMG24,24911514.92,Troy,2021/07/03,2,88314.3
10000003285,BMDJ921131MZSLYK19,20809729.7,Bowman,2021/04/09,3,31249.39
10000007800,FQJG621031HVZZRA09,33767184.15,Leroy,2021/04/08,2,56803.4
10000004856,KSGI821231HYNYSH54,73563232.87,Grover,2021/02/06,3,34515.47
10000007459,MVIH921130MZSNEK36,35506720.31,Burning Wood,2021/03/12,2,9456.28
10000006382,WOAH021231MZSOEM37,15911229.63,Pleasure,2021/03/14,3,85664.23
10000005964,XFHT721216MYNJQA50,68602983.02,Shasta,2021/10/25,3,75952.76
10000008287,JGBV021209HZSSWX26,48389446.75,Mayer,2021/08/23,3,47224.4
10000004030,GHJL121231HYNLRO21,10543811.66,Redwing,2021/02/15,2,88081.1
10000007220,XFHT721216MYNJQA50,43433303.08,Montana,2021/09/16,3,11002.17
10000007494,RFGX021031MZSBYQ23,62846404.06,Hazelcrest,2021/03/01,2,80420.79
10000005251,JICQ921231HZSBVG40,56571836.62,Raven,2021/08/07,2,35683.85
10000007577,NTEW221231HZSUCM73,63123604.52,Mallard,2021/09/18,3,84395.65
10000005021,MVIH921130MZSNEK36,14871539.28,Rowland,2021/08/20,3,43267.67
10000005994,XKGH621000MZSGXU17,98887810.96,Spohn,2021/06/22,1,13580.68
10000007053,DGTM621207HZSZBO66,62792879.28,Waxwing,2021/11/25,3,13746.77
10000008182,VJTP121115MYNSOX03,7797940.03,Cottonwood,2021/05/04,1,71829.56
10000008266,XTWD921119HYNZDQ33,61924104.65,Knutson,2021/03/05,3,35833.38
10000001390,YOBL121231HVZQBJ12,72797543.69,Chive,2020/12/30,3,77779.86
10000001656,UICH421231HZSMKE02,76128613.02,Hallows,2021/03/16,1,95960.76
10000002725,KDZQ021130MTSGIN78,3602925.42,Morrow,2021/11/27,2,91919.55
10000008820,QKEI420407MYNMDL69,51512485.07,Lakeland,2021/07/30,2,14100.21
10000009745,PDGK421131HYNUFS04,23188779.37,Warner,2021/05/29,3,18818.89
10000004204,EXCA921131HZSFIB29,269558.59,Calypso,2021/03/15,1,6942.45
10000006810,IQPR321230HZSMCW91,24011589.26,Thackeray,2021/01/26,3,51709.68
10000003643,WUTD721030HVZJZV74,1802312.36,Hanover,2021/01/07,3,56854.47
10000000257,LGBI721117HZSUZF58,41562503.59,Eagan,2021/07/06,1,57724.88
10000005121,LRVU521210MZSTBF58,77919914.15,Banding,2021/07/17,1,27094.02
10000007891,SBPN421030HZSMRZ70,57964752.96,Basil,2021/12/05,3,43146.14
10000005050,VPJL820000MYNMCK71,67201583.09,Saint Paul,2021/06/09,3,42672.62
10000000406,HBAL621131MZSTLY56,50112484.15,Utah,2021/07/29,3,16259.83
10000007878,GYCO821231HYNDJB26,55376424.69,Kingsford,2021/10/13,1,44344.95
10000004017,FQJG621031HVZZRA09,41379891.48,Mitchell,2021/10/15,1,17793.4
10000004681,LHKN321130MZSPJR06,24438483.94,Birchwood,2021/10/11,1,34253.6
10000005061,WCHV321031MTSDFW82,89723566.65,Meadow Vale,2021/10/28,1,44061.24
10000009613,FSXP721205MZSAJT80,82784606.77,Mariners Cove,2021/09/29,2,1596.44
10000003204,IQPR321230HZSMCW91,32085962.64,Loomis,2021/03/30,3,40570.3
10000006982,LRVU521210MZSTBF58,50929151.11,Cardinal,2020/12/30,3,26290.89
10000007087,FKHI221231MZSEBX72,31650132.2,Leroy,2021/07/15,3,92738.09
10000009850,RDJZ921231MTCQLK08,71583613.53,Fair Oaks,2021/04/07,3,3761.81
10000004694,WOAH021231MZSOEM37,90177445.9,Golf View,2021/06/02,3,63309.55
10000001085,AWMB121231HZSATI77,64937087.31,Dahle,2021/03/10,3,20532.78
10000008392,MXEH721131MTSFUJ22,6097418.0,Elka,2021/05/16,3,73234.08
10000000259,IDEX321213HZSFDG13,33533976.77,Linden,2021/01/04,3,37255.15
10000007305,HQSR321031MYNWYZ62,46898321.02,Longview,2021/05/18,3,70815.76
10000002294,RFGX021031MZSBYQ23,96301645.56,Eastwood,2021/09/07,3,10036.72
10000000411,YOBL121231HVZQBJ12,42142481.56,4th,2021/10/23,2,99255.51
10000004677,RFGX021031MZSBYQ23,77388069.55,Ridge Oak,2021/01/30,3,13739.77
10000009059,FADB421231MZSTMV32,90033578.12,Ramsey,2021/08/25,3,75862.28
10000000012,BXJN021204HSRMAD98,24987904.66,Fremont,2021/12/05,3,36272.05
10000001500,VIXM620731HZSEDX24,40901227.97,Hanson,2021/05/06,2,32915.29
10000003623,WDMU621130HZSCQJ71,2517839.0,Nevada,2021/07/14,2,90275.27
10000003382,LRVU521210MZSTBF58,49432910.72,Esker,2021/09/30,3,56176.39
10000007680,BXER421230HZSUCR87,25143590.12,Hazelcrest,2021/02/11,3,85156.76
10000006148,JGBV021209HZSSWX26,19157337.14,Lotheville,2021/07/21,3,56268.63
10000007952,BXJN021204HSRMAD98,78452910.55,Maple Wood,2021/10/04,3,69438.18
10000001343,ICJP721118HZSUKJ33,34235898.84,International,2021/06/08,1,62970.98
10000005718,ADVI521030HYNGQV53,99562542.39,Summer Ridge,2021/04/27,3,15060.93
10000005780,WENS521200MVZHKD52,58297607.19,Waxwing,2021/08/18,1,99184.92
10000000228,ICJP721118HZSUKJ33,1339806.39,Delladonna,2021/12/04,3,37474.91
10000005435,UICH421231HZSMKE02,301277.35,Vahlen,2021/11/19,3,49030.4
10000008477,CJFP521030MTSLMA16,62851035.31,Lerdahl,2021/01/06,1,74081.81
10000004686,KJVQ020031HTSXVE19,52859065.97,Moose,2021/04/30,1,23553.62
10000005816,YOBL121231HVZQBJ12,12146138.56,Eliot,2021/10/31,1,10582.51
10000000582,GPXS821113MVZBWT98,49439952.68,Clemons,2021/07/31,3,74062.37
10000009598,CFIZ721031HTCQMG24,30051156.42,Claremont,2021/05/10,3,82751.32
10000005317,WUTD721030HVZJZV74,82341195.68,Nancy,2021/11/23,3,4494.26
10000000061,ZXGO021030HZSZWX25,65620288.84,Sycamore,2021/08/07,2,9005.85
10000000883,UICH421231HZSMKE02,8600647.0,Londonderry,2021/10/03,3,82671.39
10000005420,KJVQ020031HTSXVE19,88320255.75,Holmberg,2021/09/08,2,90843.06
10000008641,QKEI420407MYNMDL69,2515068.48,Morrow,2021/06/26,3,86491.8
10000003352,KWMD421231HVZIMT92,82150362.5,Daystar,2021/08/14,3,23695.17
10000007776,GHJL121231HYNLRO21,18466409.52,Crowley,2021/03/09,2,14282.07
10000004471,BMDJ921131MZSLYK19,51330664.97,Beilfuss,2021/01/08,3,60150.58
10000005143,YOBL121231HVZQBJ12,78064210.71,Fisk,2021/05/09,2,96650.94
10000006176,FADB421231MZSTMV32,82533456.71,Golf,2021/09/11,3,81263.64
10000003213,FLER321116MTSNTD25,41543868.86,Red Cloud,2021/11/22,3,80623.16
10000005657,LGMH321113MZSMNJ52,11587726.6,Roth,2021/08/12,2,31064.87
10000002240,LEWC320701MYNGLC28,70488033.01,Boyd,2021/02/04,2,96532.69
10000006483,BQLF821212HZSSZF72,66109209.73,Bunting,2021/08/13,1,45763.17
10000009233,DRCW921231MZSQAG46,7222592.64,Toban,2021/01/19,1,95803.15
10000000459,DGTM621207HZSZBO66,61085948.34,Mariners Cove,2021/04/02,1,23515.42
10000006167,SJGO720331HVZEMS58,59353718.32,East,2021/03/12,3,72340.29
10000003981,IDEX321213HZSFDG13,53714160.66,Chinook,2021/08/28,3,77688.89
10000001684,LRVU521210MZSTBF58,56010716.73,Maple Wood,2021/05/07,2,49196.2
10000000069,DLGF821131MYNBXM09,44723431.14,Rusk,2020/12/23,1,44142.52
10000007763,AWMB121231HZSATI77,5701283.79,Elka,2021/10/19,3,79118.81
10000004929,LRVU521210MZSTBF58,60632250.82,Maryland,2021/03/13,2,98161.27
10000006737,KTEW021231HYNYQC90,37542945.0,Buhler,2021/09/16,1,93546.05
10000007703,HBAL621131MZSTLY56,32060665.81,Eagle Crest,2021/05/23,2,35228.85
10000003775,JGBV021209HZSSWX26,84402403.99,Stang,2021/07/25,3,66601.89
10000002790,NXSM221231MYNSBY82,9379136.0,Kim,2021/06/16,2,47975.59
10000009493,ADVI521030HYNGQV53,89174903.41,Kennedy,2021/10/24,2,41737.69
10000004211,IQPR321230HZSMCW91,61183941.03,Mandrake,2021/05/03,1,76905.85
10000004473,CNYW021131HYNXLY65,26735725.94,Fairview,2021/12/12,1,64161.07
10000004773,LEWC320701MYNGLC28,96658346.08,East,2021/10/09,3,98337.93
10000002721,RDJZ921231MTCQLK08,43774671.12,Namekagon,2020/12/16,3,6662.2
10000005155,WENS521200MVZHKD52,38111520.77,Mariners Cove,2021/10/24,2,19918.6
10000008536,XTWD921119HYNZDQ33,97090103.77,Jackson,2021/03/21,3,30204.32
10000003352,VJTP121115MYNSOX03,57468587.28,Pearson,2021/07/18,1,21847.63
10000001628,FSXP721205MZSAJT80,22368117.0,Maywood,2021/08/19,1,33465.95
10000003226,CJFP521030MTSLMA16,44704003.77,Rutledge,2021/11/15,3,87397.09
10000002225,KTEW021231HYNYQC90,30910946.4,Arizona,2021/05/19,2,41901.27
10000009596,DLGF821131MYNBXM09,71812911.48,Melvin,2021/06/12,2,40915.35
10000007314,WUTD721030HVZJZV74,31747026.1,American,2020/12/27,2,59068.73
10000005804,SJGO720331HVZEMS58,77792977.69,Fairview,2021/08/15,3,95054.75
10000002180,CUTS121231HZSHRV20,30320869.07,Straubel,2021/09/06,3,92429.32
10000009725,BLTF621209HTCRZJ09,87098341.83,Miller,2021/05/05,2,30832.27
10000007058,HSPT121130MVZYGR35,99730343.27,Arapahoe,2021/04/30,3,1632.17
10000002139,IDEX321213HZSFDG13,71400652.31,Messerschmidt,2021/02/04,3,62870.06
10000000345,MXEH721131MTSFUJ22,7265117.42,Pawling,2021/11/05,3,3985.29
10000009323,VIXM620731HZSEDX24,37331514.02,Buell,2021/04/29,3,85061.81
10000007871,JFEW421231MTSUQT82,734120.03,4th,2021/10/03,2,73073.93
10000002018,CUTS121231HZSHRV20,63649827.98,Parkside,2021/04/24,2,10213.74
10000008392,DWOT120031HYNPAG86,17670494.92,Rockefeller,2021/03/27,2,87985.44
10000000517,XJMP021131HZSELV39,96361660.14,Pleasure,2020/12/15,3,37519.67
10000001803,YOBL121231HVZQBJ12,52610961.89,Bunting,2021/12/13,3,617.13
10000003766,SJGO720331HVZEMS58,9917235.0,Florence,2021/05/31,3,14904.94
10000007744,FXZM921231MZSBRU13,39420048.16,Golden Leaf,2021/04/12,2,74724.15
10000004336,GHJL121231HYNLRO21,90312606.32,Hansons,2021/10/22,2,91955.68
10000003302,WOAH021231MZSOEM37,78056608.32,Independence,2021/02/26,1,94954.63
10000002080,KSGI821231HYNYSH54,35148139.39,Eastlawn,2021/02/23,1,85491.16
10000000705,BCEK021131HVZYTF07,54670012.88,School,2021/06/20,3,12809.91
10000002393,BCEK021131HVZYTF07,89098996.51,Maryland,2021/10/13,1,57738.61
10000000681,DGTM621207HZSZBO66,82249869.31,Northland,2021/03/15,2,15609.46
10000001591,BLTF621209HTCRZJ09,18162688.66,Springview,2020/12/24,2,13439.74
10000001652,LOJM421131HTSWVJ47,94194964.16,Sachtjen,2021/05/24,3,90964.4
10000008924,FADB421231MZSTMV32,11602054.75,Armistice,2020/12/19,3,8853.93
10000000947,SJGO720331HVZEMS58,58884042.28,Onsgard,2021/03/31,3,57643.13
10000009625,LHKN321130MZSPJR06,96976242.66,Havey,2021/03/30,2,84947.5
10000007211,HQSR321031MYNWYZ62,86404168.59,Miller,2020/12/18,3,9611.61
10000005594,WCHV321031MTSDFW82,20451261.76,Shopko,2021/07/03,3,35654.21
10000007037,BHCI521001MVZCWH93,74526663.81,Derek,2021/01/19,3,68467.25
10000007163,VHJK421030HVZXQH47,65708058.79,Holmberg,2021/11/30,2,20537.37
10000000422,FQJG621031HVZZRA09,84715566.41,Spohn,2021/01/29,3,99717.29
10000003583,ICJP721118HZSUKJ33,36344272.55,Rusk,2021/09/26,1,94235.32
10000007031,DWOT120031HYNPAG86,75323325.38,Reinke,2021/03/29,3,86017.86
10000005991,WOAH021231MZSOEM37,72441844.36,Del Sol,2021/02/21,3,48221.48
10000003692,IDEX321213HZSFDG13,87937739.1,Redwing,2021/09/30,3,49314.95
10000004366,DRCW921231MZSQAG46,89353040.96,Morning,2021/05/16,3,87233.42
10000006066,XFHT721216MYNJQA50,73252927.42,La Follette,2021/09/25,2,53255.07
10000007114,GHJL121231HYNLRO21,92322204.59,Little Fleur,2021/11/06,3,62270.87
10000003329,LEWC320701MYNGLC28,97910288.65,Welch,2021/07/29,1,88837.07
10000004485,SBPN421030HZSMRZ70,69292097.42,Dixon,2021/09/28,2,68430.2
10000004063,PXGZ621015MZSLVJ92,96094056.01,Vera,2021/05/22,2,80006.14
10000003104,KSGI821231HYNYSH54,11873024.53,Old Gate,2021/05/06,2,60076.34
10000006405,XKGH621000MZSGXU17,67170436.51,Thompson,2021/12/09,3,38892.59
10000008641,BCEK021131HVZYTF07,97875790.62,Dexter,2021/05/12,3,35794.25
10000002228,EXCA921131HZSFIB29,85798927.97,Londonderry,2021/08/24,3,70793.92
10000003114,KTEW021231HYNYQC90,82745346.16,Elka,2021/03/04,1,51313.89
10000000722,NTEW221231HZSUCM73,60507896.06,Welch,2021/10/18,3,89140.48
10000005214,SJGO720331HVZEMS58,26177009.97,Killdeer,2021/06/11,3,15587.41
10000009494,DGXW921230HZSETA04,91594399.22,Cherokee,2021/07/08,3,14626.0
10000000483,ADVI521030HYNGQV53,73782984.65,Northwestern,2021/03/11,2,32852.22
10000009601,JFEW421231MTSUQT82,34691720.54,Fieldstone,2021/10/30,3,86426.88
10000007650,ZXAQ121131HZSQCL79,1441451.28,Mallard,2021/03/10,1,62862.09
10000002674,FSXP721205MZSAJT80,2744505.52,Prairie Rose,2021/07/11,3,95042.53
10000000060,HNOS721217MTCVTL96,62873323.16,Quincy,2021/01/09,3,60885.96
10000009929,FADB421231MZSTMV32,79634913.37,Bellgrove,2021/10/30,1,61594.37
10000009710,BHCI521001MVZCWH93,58424176.71,Northview,2021/08/23,2,67856.35
10000007844,NXSM221231MYNSBY82,88947219.51,Ohio,2021/06/22,3,56893.28
10000000287,XKGH621000MZSGXU17,70186929.14,Clemons,2021/05/30,3,63117.26
10000004153,UFBX521131MSRDLT78,63760923.95,Oak Valley,2021/07/09,3,3503.54
10000007178,RFGX021031MZSBYQ23,50453154.12,Continental,2021/10/30,3,8718.69
10000008349,HSPT121130MVZYGR35,78736107.48,Orin,2020/12/22,3,63491.44
10000008705,OJZQ021230MYNIPR26,28312372.43,Sherman,2021/05/26,1,50875.04
10000004998,IWFM121231MVZTZM06,26196233.77,Mallory,2021/03/18,1,42822.12
10000007498,JGBV021209HZSSWX26,89997798.04,Butterfield,2021/08/13,2,99870.88
10000002927,WGAR321231MYNTYF48,18061957.99,Burrows,2021/09/10,1,63663.62
10000003540,DGTM621207HZSZBO66,27688377.4,Kenwood,2021/06/03,3,43011.73
10000003848,XKGH621000MZSGXU17,98088861.68,Jackson,2021/08/10,3,40040.54
10000006225,LHKN321130MZSPJR06,14125350.73,Utah,2021/01/04,2,72345.01
10000005988,QKEI420407MYNMDL69,85479083.68,Goodland,2021/03/07,1,73709.47
10000001246,YOBL121231HVZQBJ12,73529311.6,Graceland,2021/08/03,3,15469.44
10000008785,VHSO921003MYNQDM39,51963107.03,Vermont,2021/06/20,3,27770.82
10000007577,RFGX021031MZSBYQ23,13813460.82,Menomonie,2021/05/23,3,73573.07
10000001669,KDZQ021130MTSGIN78,30466848.48,Becker,2021/09/20,3,9767.74
10000001459,LOJM421131HTSWVJ47,22774914.98,Bayside,2021/11/02,3,47644.16
10000004388,ICJP721118HZSUKJ33,75325813.97,Towne,2021/04/05,3,70809.49
10000000673,PGOX721130HVZSAN60,14610362.23,Sauthoff,2021/05/31,3,10524.32
10000007848,SZHA821231HYNCYW84,50439840.13,Service,2021/04/16,3,49894.8
10000006623,FNUX220531MZSPYZ98,78153026.57,Browning,2021/01/27,3,11580.84
10000003566,MVIH921130MZSNEK36,57647761.76,Tennessee,2021/08/27,2,46125.0
10000003798,CJFP521030MTSLMA16,28081468.78,Karstens,2021/09/26,2,18893.42
10000009150,BQLF821212HZSSZF72,39830129.78,Mendota,2021/12/11,2,87237.92
10000007343,WCHV321031MTSDFW82,12680202.42,Shasta,2021/01/20,3,43092.26
10000005441,DMIS521231MZSMRJ82,54683647.76,Gateway,2021/10/07,3,79576.64
10000001922,GBFV921131MYNWIX81,57813180.9,Claremont,2021/03/18,1,35045.07
10000001174,IDEX321213HZSFDG13,93524742.19,Harper,2021/03/23,1,55026.45
10000000064,GPXS821113MVZBWT98,97995126.6,Arrowood,2021/07/11,1,11133.45
10000007057,DGXW921230HZSETA04,72539980.47,Westport,2021/09/19,2,78876.44
10000002551,KWMD421231HVZIMT92,80982055.59,Hoffman,2021/09/17,3,24995.89
10000009152,ADVI521030HYNGQV53,29553636.56,Calypso,2021/05/06,3,76871.66
10000001663,JICQ921231HZSBVG40,69005251.96,Fieldstone,2020/12/26,3,17323.04
10000005126,YOBL121231HVZQBJ12,52200350.96,Cardinal,2021/07/22,1,16449.3
10000004470,FSXP721205MZSAJT80,63099509.89,Weeping Birch,2021/05/12,1,26552.84
10000009370,VPJL820000MYNMCK71,47894411.57,Buena Vista,2021/04/21,3,7380.73
10000005925,FADB421231MZSTMV32,16850622.32,Lyons,2021/11/07,3,91906.04
10000001709,XJMP021131HZSELV39,97667239.17,Bunker Hill,2021/09/19,3,94805.24
10000007769,HQSR321031MYNWYZ62,77567168.79,Cody,2021/12/10,3,29219.57
10000000634,BXER421230HZSUCR87,11833282.91,Express,2021/06/18,3,60288.02
10000001344,VPJL820000MYNMCK71,24306706.07,Sloan,2021/09/13,3,28791.97
10000002960,XFHT721216MYNJQA50,56618389.01,Ryan,2021/05/01,3,86750.88
10000004678,PXGZ621015MZSLVJ92,16984385.5,Coleman,2021/11/01,3,77057.56
10000008347,EXCA921131HZSFIB29,1385330.27,Morningstar,2021/02/04,1,19392.18
10000009220,FQJG621031HVZZRA09,39193181.94,Blue Bill Park,2020/12/20,2,49398.51
10000008889,WCHV321031MTSDFW82,87535649.33,Nobel,2021/11/07,3,23775.8
10000009322,MXEH721131MTSFUJ22,21530773.97,Lighthouse Bay,2021/03/23,3,99713.51
10000002143,IWFM121231MVZTZM06,50866938.68,Ridgeway,2021/01/16,3,98231.03
10000009309,CJFP521030MTSLMA16,54135467.47,Lawn,2021/06/23,3,40077.12
10000008231,XCZJ721231MZSUHM37,81179878.02,New Castle,2021/11/04,2,1712.84
10000005257,VJTP121115MYNSOX03,64730809.93,Harper,2021/10/24,2,40920.7
10000001561,BHCI521001MVZCWH93,49934062.57,Maple,2021/01/23,3,91755.29
10000009394,PXGZ621015MZSLVJ92,77347174.03,Bunting,2021/01/22,3,41011.11
10000003187,XKGH621000MZSGXU17,36114625.36,Oak Valley,2021/08/09,3,57582.1
10000002829,XFHT721216MYNJQA50,26672793.15,Nelson,2020/12/22,1,65664.29
10000002528,LHQZ221203MZSJDP05,45511525.63,Hanson,2021/11/26,1,57809.66
10000005086,LEWC320701MYNGLC28,8864542.0,Washington,2021/06/22,3,82009.81
10000002883,EFSG521231MZSNPB78,73741986.37,Sycamore,2021/03/26,3,50970.22
10000001193,SJGO720331HVZEMS58,94450635.44,Novick,2021/03/10,3,72106.63
10000009148,BCEK021131HVZYTF07,73423594.86,Fisk,2021/03/08,1,56625.76
10000000081,MXEH721131MTSFUJ22,89873486.38,Russell,2020/12/19,3,88083.45
10000004599,GBFV921131MYNWIX81,54274688.93,Lerdahl,2021/12/14,1,49652.36
10000004165,BCEK021131HVZYTF07,98210860.38,Rowland,2021/09/30,3,68435.71
10000005222,IDYV921202MZSUVL52,754929.76,Kensington,2021/07/21,1,24499.59
10000005286,BLTF621209HTCRZJ09,18693342.55,3rd,2021/10/31,3,80683.38
10000009999,JLWQ221207HTSUVW22,86278562.54,Crest Line,2021/05/08,3,32762.2
10000005233,MVIH921130MZSNEK36,53366255.15,Cordelia,2021/03/15,3,84998.51
10000000300,ICJP721118HZSUKJ33,53601584.75,Mccormick,2021/06/04,1,5461.29
10000007590,SJGO720331HVZEMS58,93875567.38,Dapin,2021/02/24,3,69814.66
10000000514,VPJL820000MYNMCK71,15717740.62,Saint Paul,2021/10/17,2,49157.71
10000000388,EXCA921131HZSFIB29,96949954.44,Wayridge,2021/03/21,1,14076.89
10000000725,DGXW921230HZSETA04,89412429.32,Evergreen,2021/01/19,3,36892.29
10000007435,UICH421231HZSMKE02,51351173.48,Dexter,2021/02/08,3,11502.53
10000006114,GBFV921131MYNWIX81,24871429.8,Almo,2021/10/13,3,15801.13
10000009533,WMQI921231MZSQMP83,83742224.23,Sunfield,2021/01/15,3,72264.81
10000006055,FADB421231MZSTMV32,52297165.82,Dunning,2021/06/13,1,50256.81
10000002974,AWMB121231HZSATI77,73087548.02,Montana,2021/03/27,3,21619.4
10000009853,IQPR321230HZSMCW91,22521915.71,Sugar,2021/04/24,3,63775.55
10000001130,GPXS821113MVZBWT98,67408862.38,Pleasure,2021/02/26,3,72046.69
10000006119,LEWC320701MYNGLC28,19103827.18,Sunbrook,2021/10/01,3,51873.77
10000001254,WOAH021231MZSOEM37,63496825.09,Birchwood,2021/03/24,3,14219.94
10000005687,BQLF821212HZSSZF72,27569352.89,Hollow Ridge,2021/08/18,2,55071.91
10000003463,SZHA821231HYNCYW84,24477932.15,Straubel,2021/02/10,1,4950.9
10000001906,RFGX021031MZSBYQ23,64228751.13,Maple,2021/06/14,1,33757.38
10000006061,SZHA821231HYNCYW84,64535928.75,Amoth,2020/12/19,3,98990.41
10000006871,WENS521200MVZHKD52,70888640.29,Morrow,2021/02/21,3,55180.81
10000006473,HSPT121130MVZYGR35,56766514.85,Dexter,2021/10/04,3,6435.06
10000009173,VHSO921003MYNQDM39,27161011.93,Claremont,2021/10/25,3,9653.77
10000000896,FKHI221231MZSEBX72,4790300.0,Debra,2021/05/14,3,82091.84
10000001723,YOBL121231HVZQBJ12,91983091.17,Corscot,2021/08/20,3,38716.41
10000001239,LGBI721117HZSUZF58,25931220.0,Dennis,2021/03/21,3,59632.9
10000004752,XKTZ121231HZSSUM66,93035853.34,Leroy,2021/07/23,3,40340.67
10000003690,BMDJ921131MZSLYK19,37371210.7,Moland,2021/03/13,3,26895.91
10000001593,FLER321116MTSNTD25,88001038.86,Oneill,2021/06/18,3,68709.61
10000008734,JICQ921231HZSBVG40,48578402.36,Quincy,2021/11/20,1,45435.24
10000003660,WOAH021231MZSOEM37,14800202.14,Tennessee,2021/08/18,2,40085.31
10000000656,PDGK421131HYNUFS04,58813369.16,Mifflin,2021/11/27,3,32754.95
10000001645,IWFM121231MVZTZM06,97899183.58,Eastlawn,2021/02/23,2,77449.71
10000006217,XJMP021131HZSELV39,30047844.34,Jackson,2021/03/29,2,51913.25
10000003565,KJVQ020031HTSXVE19,85817635.54,Del Mar,2021/06/29,1,76430.43
10000008936,GBFV921131MYNWIX81,11234759.31,Vermont,2021/12/10,3,40859.12
10000005907,RFGX021031MZSBYQ23,56151594.26,Sloan,2021/03/31,1,75344.79
10000000468,FSXP721205MZSAJT80,5042765.0,Manufacturers,2021/11/18,1,10976.32
10000003482,KDZQ021130MTSGIN78,46995388.01,Erie,2021/01/23,2,11213.82
10000001438,KJVQ020031HTSXVE19,19157280.0,Hazelcrest,2021/11/25,1,67551.06
10000000336,VIXM620731HZSEDX24,31058545.5,Bultman,2021/05/05,2,60720.05
10000000852,NXSM221231MYNSBY82,24949823.45,Porter,2021/01/22,3,54152.06
10000007090,XTWD921119HYNZDQ33,24088821.5,Village,2021/09/15,3,25821.61
10000005519,MVIH921130MZSNEK36,69994899.04,Manitowish,2021/07/30,1,92502.03
10000009131,PDGK421131HYNUFS04,75390039.66,Transport,2021/04/02,3,57560.99
10000002732,UICH421231HZSMKE02,73185357.36,Fairfield,2021/02/28,3,51779.65
10000004329,LEWC320701MYNGLC28,41933082.07,Grayhawk,2021/12/01,1,52277.97
10000007056,HNOS721217MTCVTL96,10219534.07,Warbler,2021/02/17,3,49879.33
10000007625,MXEH721131MTSFUJ22,43254309.84,Marquette,2021/01/31,3,31847.86
10000007100,WGAR321231MYNTYF48,48700068.35,Kenwood,2021/08/03,1,15194.34
10000009164,BMDJ921131MZSLYK19,16650981.82,Dwight,2021/02/10,1,39167.53
10000004363,EFSG521231MZSNPB78,52727782.06,Marquette,2021/03/07,3,58227.52
10000007300,VPJL820000MYNMCK71,54386176.07,Troy,2021/06/22,3,51257.39
10000000797,HNOS721217MTCVTL96,97061380.07,Southridge,2021/04/16,1,80504.91
10000002838,VIXM620731HZSEDX24,26611998.62,Di Loreto,2021/06/10,3,91738.63
10000008603,FLER321116MTSNTD25,33517310.63,Shelley,2021/07/10,3,15291.26
10000009888,WCHV321031MTSDFW82,49815187.18,Mendota,2021/08/07,3,49593.77
10000004602,JLWQ221207HTSUVW22,66392084.37,Lakewood Gardens,2021/07/02,3,76826.02
10000000006,CUTS121231HZSHRV20,62994670.88,Scott,2021/08/21,1,7811.84
10000000963,GPXS821113MVZBWT98,97447970.57,Michigan,2021/07/11,3,7020.52
10000005973,EFSG521231MZSNPB78,81681489.12,Shelley,2021/10/04,3,61201.5
10000005866,CUTS121231HZSHRV20,28196457.41,Gerald,2021/11/05,3,30016.7
10000001392,KJVQ020031HTSXVE19,79233802.71,Oak Valley,2020/12/28,3,42607.59
10000000254,OJZQ021230MYNIPR26,24446426.31,Sachs,2021/11/13,1,20758.11
10000005629,JGBV021209HZSSWX26,21363927.0,Mesta,2021/05/23,1,75136.49
10000001554,QKEI420407MYNMDL69,58899763.06,Melody,2021/09/14,3,33785.41
10000004337,GPXS821113MVZBWT98,17177777.38,Independence,2021/02/01,1,80273.18
10000000207,GPXS821113MVZBWT98,9941537.0,Bellgrove,2021/02/01,1,60796.52
10000009568,IQPR321230HZSMCW91,58723611.89,Marcy,2021/05/11,1,21447.68
10000001685,DWOT120031HYNPAG86,55230765.16,Ridge Oak,2021/06/08,3,53367.57
10000004148,JGBV021209HZSSWX26,90639540.15,Tennessee,2021/04/27,3,18182.42
10000002477,WUTD721030HVZJZV74,21801608.65,Badeau,2021/03/16,2,28875.22
10000000332,SZHA821231HYNCYW84,13462838.57,Corry,2021/10/24,3,95550.44
10000009898,JGBV021209HZSSWX26,72252611.69,Jana,2021/11/13,3,79497.37
10000007625,BMDJ921131MZSLYK19,72802931.17,Elka,2021/12/08,2,25192.6
10000003562,DGXW921230HZSETA04,76920475.68,Trailsway,2021/01/21,3,90119.34
10000009376,CJFP521030MTSLMA16,91075128.61,Everett,2021/11/18,2,62135.43
10000006091,OJZQ021230MYNIPR26,51122755.08,Farmco,2021/04/19,1,46537.99
10000008365,ADVI521030HYNGQV53,9067576.0,Portage,2021/10/13,2,38051.08
10000000341,XFHT721216MYNJQA50,4692930.97,Longview,2021/08/27,3,44696.39
10000007563,FLER321116MTSNTD25,28272735.46,Lakeland,2021/05/12,2,74687.84
10000004089,YOBL121231HVZQBJ12,9388210.0,Macpherson,2021/11/19,2,7156.09
10000009035,DGTM621207HZSZBO66,5935561.41,Parkside,2021/08/08,2,68834.77
10000007165,DMIS521231MZSMRJ82,64314389.26,Gerald,2021/07/30,1,55248.75
10000000545,JFEW421231MTSUQT82,26372641.33,Dixon,2021/07/19,3,50880.78
10000006784,OJZQ021230MYNIPR26,56793797.75,Kim,2021/09/04,3,76307.9
10000003397,BCEK021131HVZYTF07,43121607.93,Kingsford,2021/09/29,1,66731.66
10000004956,JFEW421231MTSUQT82,47771589.83,Lukken,2021/06/06,1,55626.59
10000007711,MXEH721131MTSFUJ22,98683447.37,Glendale,2021/01/07,1,2953.21
10000009121,KJVQ020031HTSXVE19,92900533.94,Anniversary,2021/08/25,3,74687.92
10000002253,CUTS121231HZSHRV20,45552015.15,Holmberg,2021/05/28,3,90798.32
10000001521,DGXW921230HZSETA04,19711914.08,Sachs,2021/07/07,2,81090.17
10000002452,FXZM921231MZSBRU13,41295013.54,Sullivan,2021/07/04,3,85971.64
10000009791,ZXAQ121131HZSQCL79,28375632.78,Gerald,2021/06/26,3,62247.49
10000006257,UICH421231HZSMKE02,22648536.22,Dexter,2021/09/29,3,27762.67
10000005246,PGOX721130HVZSAN60,7493489.34,Dayton,2021/02/11,1,48902.43
10000000639,HSPT121130MVZYGR35,95651702.22,Dawn,2021/07/15,2,80381.31
10000007468,EXCA921131HZSFIB29,79833227.98,American,2021/01/18,1,20334.36
10000002654,PGOX721130HVZSAN60,3620412.34,Parkside,2021/10/14,2,18182.51
10000000638,DLGF821131MYNBXM09,42865732.89,Redwing,2021/08/26,3,23547.89
10000008540,XKTZ121231HZSSUM66,45209928.77,Merrick,2021/06/18,3,93667.67
10000009596,GHJL121231HYNLRO21,42937084.26,Shoshone,2021/06/13,2,50064.84
10000004957,YOBL121231HVZQBJ12,27469706.8,Trailsway,2021/06/09,3,61232.5
10000002543,BXER421230HZSUCR87,85492224.29,Oxford,2021/09/23,1,96247.86
10000000054,DRCW921231MZSQAG46,56743522.34,Jenna,2021/09/14,2,36650.07
10000002637,IDYV921202MZSUVL52,91297282.32,Prairie Rose,2021/06/24,2,51804.73
10000004789,EFSG521231MZSNPB78,45466635.09,Rieder,2021/02/24,2,86020.87
10000005133,RDJZ921231MTCQLK08,11082449.87,Grayhawk,2021/11/30,1,65976.42
10000003346,IDYV921202MZSUVL52,94875268.09,Forest,2021/07/06,3,86524.42
10000005729,IWFM121231MVZTZM06,60312118.66,Lighthouse Bay,2021/10/11,1,99768.95
10000000950,BCEK021131HVZYTF07,82703807.96,Del Mar,2020/12/30,2,78947.93
10000001497,BLTF621209HTCRZJ09,21056761.61,Kennedy,2021/02/15,2,85641.66
10000007558,DMVY221231MTSNCS95,90328546.41,Chive,2021/06/10,3,76494.23
10000002027,IQPR321230HZSMCW91,78494944.99,Texas,2021/11/02,3,24813.87
10000001192,VIXM620731HZSEDX24,5415949.0,West,2021/04/22,1,63671.21
10000006989,LGMH321113MZSMNJ52,50742163.46,Doe Crossing,2021/11/27,2,38319.96
10000000859,GPXS821113MVZBWT98,14963639.77,Wayridge,2020/12/17,3,65810.68
10000006615,BXER421230HZSUCR87,31026945.19,Thierer,2021/08/11,3,60440.42
10000000189,LHQZ221203MZSJDP05,75871673.29,Duke,2021/09/06,1,81390.0
10000009442,WCHV321031MTSDFW82,66383860.71,Springview,2021/12/14,3,87177.0
10000000603,KSGI821231HYNYSH54,37497749.28,David,2021/08/01,2,98394.05
10000000967,MXEH721131MTSFUJ22,40985867.51,American,2021/07/28,1,83127.09
10000007526,XKGH621000MZSGXU17,74390007.86,Merrick,2020/12/28,3,2327.21
10000002597,PXGZ621015MZSLVJ92,70525228.94,Knutson,2021/03/02,3,88839.3
10000000709,IQPR321230HZSMCW91,79212168.92,Erie,2021/12/11,3,89674.85
10000005795,BHCI521001MVZCWH93,25890513.99,John Wall,2021/06/05,2,81669.5
10000008170,PXGZ621015MZSLVJ92,25160460.45,Paget,2021/03/15,3,62176.17
10000001835,IQPR321230HZSMCW91,32246903.8,Westend,2021/07/31,3,93412.93
10000001069,SZHA821231HYNCYW84,9369336.0,Sherman,2021/12/10,1,98445.48
10000004467,XFHT721216MYNJQA50,43417038.77,Becker,2021/07/23,1,30085.65
10000002891,HSPT121130MVZYGR35,38290594.64,Independence,2021/10/07,3,59433.54
10000006819,NXSM221231MYNSBY82,91755853.86,Doe Crossing,2021/10/27,2,16552.65
10000006481,GHJL121231HYNLRO21,1630749.79,Thierer,2020/12/31,1,73274.32
10000002602,LEWC320701MYNGLC28,27205547.95,Welch,2021/10/16,3,22532.66
10000004442,QKEI420407MYNMDL69,36609533.93,Nevada,2021/10/22,3,73497.65
10000006691,JLWQ221207HTSUVW22,87809991.81,Summer Ridge,2021/07/16,3,22254.29
10000003092,WMQI921231MZSQMP83,38558265.26,Ryan,2021/06/10,3,48400.52
10000009570,ZXGO021030HZSZWX25,99282141.83,Brickson Park,2021/06/07,1,95877.93
10000008644,NXSM221231MYNSBY82,5519591.12,Commercial,2021/09/03,1,53781.27
10000009069,LOJM421131HTSWVJ47,37041033.8,Golf View,2021/05/12,1,73869.26
10000003006,SJGO720331HVZEMS58,64163339.8,Sunnyside,2021/01/30,3,90663.78
10000003944,SJGO720331HVZEMS58,31882727.19,Lukken,2021/12/03,3,68070.55
10000008644,BLTF621209HTCRZJ09,79309074.93,Blaine,2021/01/08,2,56256.52
10000005605,ZXAQ121131HZSQCL79,10489544.94,Kim,2021/10/21,2,19685.65
10000002943,FKHI221231MZSEBX72,97740153.27,Merrick,2021/04/25,3,68898.72
10000006635,GHJL121231HYNLRO21,62204150.1,Dawn,2021/08/07,3,19668.18
10000009650,CJFP521030MTSLMA16,64851862.28,Harper,2021/09/06,3,18844.69
10000007214,VPJL820000MYNMCK71,26916976.43,Sachtjen,2021/08/06,1,28718.98
10000007389,IQPR321230HZSMCW91,26873418.06,Schiller,2021/04/05,3,47477.44
10000002752,FLER321116MTSNTD25,21889742.38,Upham,2021/10/05,2,48486.06
10000005344,EWOQ421231MVZHKP33,75118876.09,Mcguire,2021/10/27,1,62119.5
10000008021,DLGF821131MYNBXM09,11286090.39,Evergreen,2021/03/01,3,21881.91
10000009909,LHQZ221203MZSJDP05,18275223.37,Merry,2021/03/09,1,53983.03
10000002465,GBFV921131MYNWIX81,74958552.14,Oak Valley,2021/02/12,3,36462.7
10000009290,HBAL621131MZSTLY56,57890088.59,Pearson,2021/05/21,3,48700.74
10000007452,GBFV921131MYNWIX81,22595577.6,Burrows,2021/10/20,3,96103.9
10000006306,CUTS121231HZSHRV20,82719190.16,Oneill,2021/10/29,3,95580.4
10000001236,EWOQ421231MVZHKP33,37464328.04,Carioca,2021/04/26,3,95414.3
10000004455,XJMP021131HZSELV39,72345114.16,Burning Wood,2021/10/08,2,53166.11
10000007170,MVIH921130MZSNEK36,94785544.18,Kinsman,2021/01/19,3,56026.45
10000002041,ZXAQ121131HZSQCL79,23170012.3,Northland,2021/03/06,1,78730.58
10000006940,GHJL121231HYNLRO21,76613924.39,Mosinee,2021/03/03,2,35265.09
10000006389,RDJZ921231MTCQLK08,85792490.95,Goodland,2021/06/15,3,44940.71
10000003861,DGTM621207HZSZBO66,61878132.57,Moose,2021/01/25,3,91059.31
10000008298,PGOX721130HVZSAN60,8681473.0,Schiller,2021/04/20,2,88571.32
10000005354,GBFV921131MYNWIX81,69283326.82,East,2021/10/09,3,42681.37
10000001140,KDZQ021130MTSGIN78,34979332.17,Haas,2020/12/23,1,7155.75
10000008942,WOAH021231MZSOEM37,55688141.74,Anhalt,2021/03/08,1,38456.45
10000002811,FXZM921231MZSBRU13,94339261.07,Mitchell,2021/03/28,3,33292.98
10000005338,BXER421230HZSUCR87,71479799.53,Grover,2021/09/02,3,94633.01
10000007017,BCEK021131HVZYTF07,17730731.96,Southridge,2020/12/22,3,32638.99
10000006040,VPJL820000MYNMCK71,76672107.77,Walton,2020/12/31,3,56299.38
10000007050,DWOT120031HYNPAG86,40597238.57,Florence,2021/02/13,2,33900.58
10000000234,HSPT121130MVZYGR35,71565836.76,Buena Vista,2021/06/16,3,79793.31
10000007562,WENS521200MVZHKD52,95396643.15,Emmet,2021/03/29,3,68542.26
10000001042,PDGK421131HYNUFS04,92196914.96,Namekagon,2021/06/09,3,23080.21
10000001490,AIRJ621216MYNYMX08,46557216.72,Village,2021/02/26,1,53968.01
10000005516,OJZQ021230MYNIPR26,77299795.79,Browning,2021/12/02,3,8204.47
10000000782,KJVQ020031HTSXVE19,28112370.0,West,2021/08/05,3,58821.69
10000003961,FKHI221231MZSEBX72,80117644.19,Karstens,2021/04/04,2,22419.03
10000005847,UFBX521131MSRDLT78,19189220.96,Holy Cross,2021/06/09,2,45196.76
10000003979,CDYW321130HVZONA75,58269711.03,Oak,2021/06/09,3,19784.33
10000004363,RDJZ921231MTCQLK08,49726031.59,Huxley,2021/03/09,3,1435.22
10000008989,WCHV321031MTSDFW82,80395220.4,Little Fleur,2021/08/18,3,65039.27
10000003139,BHCI521001MVZCWH93,68749740.07,Petterle,2021/06/08,3,98579.38
10000006065,BHCI521001MVZCWH93,49376678.45,6th,2020/12/25,1,40202.9
10000006111,FQJG621031HVZZRA09,41266610.07,Lerdahl,2021/08/05,1,30556.11
10000008042,AWMB121231HZSATI77,47575280.47,Graedel,2021/02/01,2,49987.3
10000001585,JICQ921231HZSBVG40,8256172.0,Charing Cross,2021/01/31,3,81040.72
10000007491,LHQZ221203MZSJDP05,56687335.25,Parkside,2020/12/19,3,19768.44
10000000764,DMIS521231MZSMRJ82,19005197.36,Lunder,2021/05/28,3,98309.54
10000003524,HSYK621031HYNTYF70,10373663.41,Vidon,2021/01/20,2,60370.95
10000002746,CFIZ721031HTCQMG24,62494678.15,Randy,2021/07/22,1,62866.5
10000005104,KWMD421231HVZIMT92,81634959.97,Fordem,2021/07/30,1,41401.7
10000003146,LHKN321130MZSPJR06,97195152.45,Susan,2021/11/11,3,6266.41
10000008785,AGPN521117HVZYQH48,89768924.36,Badeau,2021/06/27,3,9885.4
10000000569,DRCW921231MZSQAG46,67355832.83,Delaware,2021/03/23,2,85210.05
10000003787,KTEW021231HYNYQC90,94592731.55,Butternut,2021/07/25,3,51892.89
10000004188,HSPT121130MVZYGR35,37654997.65,Carey,2021/08/17,3,34328.01
10000003876,WGAR321231MYNTYF48,85639740.13,Redwing,2021/09/14,1,25934.71
10000002145,AIRJ621216MYNYMX08,28603632.22,Lakeland,2021/04/27,3,94950.93
10000000112,JLWQ221207HTSUVW22,19907410.91,Carey,2021/10/23,3,24863.87
10000006913,PXGZ621015MZSLVJ92,48418797.35,John Wall,2020/12/27,3,55374.03
10000006345,BHCI521001MVZCWH93,44911971.96,Texas,2021/05/10,3,23207.89
10000007236,MXEH721131MTSFUJ22,26925088.51,Eastwood,2021/05/08,2,61117.91
10000000803,DWOT120031HYNPAG86,15970008.81,Di Loreto,2021/06/08,2,84018.37
10000006980,QKEI420407MYNMDL69,49041146.21,John Wall,2021/05/14,3,64961.54
10000003105,BQLF821212HZSSZF72,307683.65,Farwell,2021/09/15,2,92994.54
10000002184,UFBX521131MSRDLT78,63261240.24,Utah,2021/05/27,2,22466.68
10000007185,AWMB121231HZSATI77,73080548.53,Northridge,2021/05/28,3,87908.81
10000002112,ADVI521030HYNGQV53,93411000.33,Debs,2021/11/14,3,38474.87
10000008407,XKGH621000MZSGXU17,35487411.23,Dayton,2021/11/23,3,36969.53
10000002806,LHKN321130MZSPJR06,17506357.13,Pennsylvania,2021/07/05,3,73992.54
10000002645,JICQ921231HZSBVG40,29678835.04,Brentwood,2021/03/03,1,76574.05
10000007929,VHSO921003MYNQDM39,1669755.08,Monica,2021/09/28,3,70296.36
10000007995,AWMB121231HZSATI77,37080728.67,Reindahl,2021/07/31,1,9804.38
10000008531,XTWD921119HYNZDQ33,67749049.88,Fairfield,2021/02/07,1,58917.0
10000007051,VPJL820000MYNMCK71,9322887.0,Commercial,2021/08/23,3,91612.53
10000003837,XJMP021131HZSELV39,4104049.52,Cody,2021/03/11,1,35592.31
10000007731,SZHA821231HYNCYW84,26239516.79,Maywood,2021/09/28,3,38788.88
10000007002,NXSM221231MYNSBY82,9472895.0,Sutteridge,2021/04/07,3,64198.18
10000009284,DRCW921231MZSQAG46,23354371.57,Mesta,2021/03/09,3,1759.17
10000002525,WCHV321031MTSDFW82,13416615.26,5th,2020/12/17,2,47557.39
10000001662,DMVY221231MTSNCS95,64649502.03,East,2021/09/16,3,47001.06
10000005205,LRVU521210MZSTBF58,70586317.87,Anderson,2021/09/24,1,94593.38
10000008090,SBPN421030HZSMRZ70,18122517.8,Northfield,2021/06/05,3,49751.92
10000005113,WCHV321031MTSDFW82,79891640.84,Hollow Ridge,2021/06/12,1,36870.24
10000003838,JFEW421231MTSUQT82,89758439.88,Marcy,2021/09/28,2,91063.04
10000003247,XFHT721216MYNJQA50,48613529.76,Waxwing,2021/11/20,3,88532.47
10000008247,BHCI521001MVZCWH93,5314908.36,Melody,2021/01/17,3,31818.71
10000007348,BMDJ921131MZSLYK19,76653430.97,Fisk,2021/10/07,1,15546.64
10000003719,BCEK021131HVZYTF07,63429814.81,Daystar,2021/11/26,1,32997.91
10000003674,GYCO821231HYNDJB26,24303390.59,Spohn,2021/06/10,2,42585.88
10000000603,BLTF621209HTCRZJ09,54117187.3,Jackson,2021/03/09,2,76714.72
10000004049,HNOS721217MTCVTL96,62579587.64,Kennedy,2021/11/16,3,91729.77
10000001365,HSYK621031HYNTYF70,28455461.54,Surrey,2021/11/04,3,39474.03
10000005541,XJMP021131HZSELV39,8558802.0,Sachs,2021/01/22,3,84843.98
10000008962,LHQZ221203MZSJDP05,90444368.8,Harper,2021/05/02,3,18564.37
10000005221,AGPN521117HVZYQH48,56784876.04,Barnett,2021/01/03,1,44813.33
10000002076,AWMB121231HZSATI77,48787080.53,Prairieview,2021/08/04,3,95621.83
10000005023,CFIZ721031HTCQMG24,76701474.77,Monterey,2021/03/12,3,60612.61
10000003084,XTWD921119HYNZDQ33,84023322.09,Crescent Oaks,2021/07/08,1,6061.84
10000000617,WOAH021231MZSOEM37,25628610.19,Hauk,2021/04/09,2,49051.03
10000001372,WENS521200MVZHKD52,31675789.83,Shelley,2021/02/22,1,74446.17
10000008727,XKTZ121231HZSSUM66,42098054.06,Ludington,2021/06/17,3,26185.1
10000004961,KDZQ021130MTSGIN78,22923892.98,Sachtjen,2021/05/29,1,56671.1
10000009977,FADB421231MZSTMV32,64001323.9,Kim,2021/11/29,2,2684.52
10000002260,CUTS121231HZSHRV20,1905257.96,Roth,2021/08/18,3,93562.64
10000006678,CNYW021131HYNXLY65,40861896.79,Petterle,2021/12/12,2,18458.34
10000005161,DGTM621207HZSZBO66,34777883.92,Pawling,2021/04/16,1,65517.6
10000006190,KTEW021231HYNYQC90,87081025.55,Moose,2021/09/28,1,92737.46
10000005818,QKEI420407MYNMDL69,29590751.6,Debra,2021/01/06,1,78361.05
10000001537,BXJN021204HSRMAD98,56464687.47,Clemons,2021/07/15,2,12878.16
10000004585,LGBI721117HZSUZF58,38918931.94,Magdeline,2021/03/31,2,92518.69
10000001910,ADVI521030HYNGQV53,8127274.56,Monica,2021/11/01,3,28302.73
10000005221,VIXM620731HZSEDX24,76604140.01,Burrows,2021/04/19,2,91803.57
10000005490,LGMH321113MZSMNJ52,95770258.7,Graceland,2020/12/29,1,3596.1
10000006054,CUTS121231HZSHRV20,63593877.14,Forest Dale,2021/11/27,1,81645.47
10000000997,IDEX321213HZSFDG13,1392586.45,Forest Dale,2021/03/01,3,32751.44
10000006756,FSXP721205MZSAJT80,12238986.29,Brickson Park,2021/06/01,3,24826.32
10000004842,XJMP021131HZSELV39,90461759.1,Messerschmidt,2021/08/16,1,85511.81
10000005261,IWFM121231MVZTZM06,70730997.31,Lyons,2020/12/24,2,17852.87
10000009536,BLTF621209HTCRZJ09,77413976.63,Clemons,2021/11/13,3,81910.6
10000004314,SBPN421030HZSMRZ70,7806812.0,Mallard,2021/10/21,3,69473.33
10000009493,MVIH921130MZSNEK36,93151823.55,Atwood,2021/05/04,2,94701.2
10000000019,KTEW021231HYNYQC90,76186962.14,Anhalt,2020/12/26,3,49920.4
10000000629,FQJG621031HVZZRA09,4630658.73,Buena Vista,2021/03/22,3,13042.71
10000005829,BXJN021204HSRMAD98,25926796.52,Melvin,2021/04/19,1,47.23
10000007611,ADVI521030HYNGQV53,48137659.08,Weeping Birch,2021/05/18,2,24652.73
10000002796,LGBI721117HZSUZF58,63705281.04,Paget,2021/01/03,2,57721.75
10000002451,JICQ921231HZSBVG40,74038358.99,Orin,2021/09/11,3,17956.1
10000000858,IDEX321213HZSFDG13,59203339.84,Pine View,2021/03/07,2,77802.09
10000005543,HNOS721217MTCVTL96,30539715.04,Kingsford,2021/09/22,3,3289.43
10000006622,FQJG621031HVZZRA09,76348601.37,Doe Crossing,2021/05/05,3,31455.83
10000004385,PDGK421131HYNUFS04,78015223.68,Bluestem,2021/09/15,2,49937.79
10000003661,NXSM221231MYNSBY82,72331329.02,Declaration,2021/02/24,3,32513.4
10000009734,SJGO720331HVZEMS58,46434520.41,Prairie Rose,2021/10/29,2,88283.8
10000003077,SZHA821231HYNCYW84,39088252.47,Meadow Vale,2021/08/16,3,21853.17
10000007342,AWMB121231HZSATI77,42781860.15,Russell,2021/08/15,1,94495.93
10000005322,HSYK621031HYNTYF70,3999532.44,Gina,2020/12/29,3,94607.54
10000000593,AIRJ621216MYNYMX08,6325971.0,Bluejay,2021/10/05,3,6494.02
10000001376,JFEW421231MTSUQT82,7382608.0,Center,2021/05/23,3,69888.6
10000002399,JFEW421231MTSUQT82,98984287.84,Colorado,2021/08/06,1,2111.47
10000006520,EFSG521231MZSNPB78,2220545.77,Moulton,2021/09/24,1,25890.81
10000002705,XCZJ721231MZSUHM37,88664751.51,Straubel,2021/02/19,2,67316.29
10000005197,WENS521200MVZHKD52,58745471.35,Maywood,2021/05/02,2,61084.56
10000006806,EXCA921131HZSFIB29,65761257.53,Pankratz,2021/08/29,3,48907.48
10000005940,WMQI921231MZSQMP83,94434486.0,Delladonna,2021/03/05,3,17840.85
10000005198,UICH421231HZSMKE02,23171458.82,Spaight,2021/03/27,3,65283.54
10000000021,BQLF821212HZSSZF72,98798711.75,Northfield,2021/05/30,1,44717.27
10000001875,BMDJ921131MZSLYK19,83577656.04,Maryland,2021/02/18,3,69815.96
10000005610,PXGZ621015MZSLVJ92,64836357.9,Morningstar,2021/01/01,2,63182.3
10000001320,GPXS821113MVZBWT98,16456749.58,Barby,2021/01/03,3,20093.28
10000006061,OJZQ021230MYNIPR26,33867994.87,Arrowood,2021/07/20,2,50630.23
10000002732,YOBL121231HVZQBJ12,62831716.59,Lyons,2021/03/31,3,9537.06
10000008030,FSXP721205MZSAJT80,29248134.5,Hauk,2020/12/25,2,25564.86
10000005135,ICJP721118HZSUKJ33,65208182.98,Sage,2021/09/06,2,41965.9
10000002535,FADB421231MZSTMV32,5269700.12,Meadow Valley,2021/08/02,2,93603.48
10000001635,RFGX021031MZSBYQ23,95931291.35,Pennsylvania,2021/04/16,2,87833.64
10000006314,MVIH921130MZSNEK36,36504534.94,Laurel,2021/08/05,2,72604.7
10000003085,YOBL121231HVZQBJ12,77561198.78,Myrtle,2021/02/23,3,5391.2
10000001232,CFIZ721031HTCQMG24,49137223.01,Lawn,2021/06/09,2,15076.39
10000006807,IWFM121231MVZTZM06,84999308.88,Manitowish,2021/03/07,3,78910.32
10000007664,WUTD721030HVZJZV74,90165051.54,Almo,2021/03/12,2,21237.62
10000009611,ADVI521030HYNGQV53,96685287.14,Hoard,2021/07/23,3,20368.55
10000008785,WOAH021231MZSOEM37,56263894.65,Sheridan,2021/02/18,3,71581.53
10000007058,DGXW921230HZSETA04,19740276.53,Esker,2021/01/07,3,14154.76
10000003443,LRVU521210MZSTBF58,15263890.55,Shasta,2021/04/30,1,41907.33
10000002970,UICH421231HZSMKE02,13128529.41,Portage,2021/05/19,3,3884.93
10000005150,LGMH321113MZSMNJ52,624543.0,Spaight,2021/04/01,3,66077.87
10000005424,NXSM221231MYNSBY82,60923381.3,Katie,2021/11/10,3,33855.6
10000003223,PXGZ621015MZSLVJ92,16121322.26,Superior,2021/02/28,2,37516.78
10000001735,HNOS721217MTCVTL96,7244448.88,Onsgard,2021/10/01,1,813.98
10000003370,VPJL820000MYNMCK71,79868446.82,Oak Valley,2021/12/06,3,88305.07
10000004777,YOBL121231HVZQBJ12,12757529.58,Mcbride,2021/11/23,3,48878.18
10000007951,HSYK621031HYNTYF70,56244846.25,Anzinger,2021/12/09,3,58765.39
10000001093,CJFP521030MTSLMA16,19446792.17,Badeau,2021/11/26,2,32587.12
10000007475,VPJL820000MYNMCK71,30005444.98,Riverside,2021/03/04,3,96219.43
10000002258,FADB421231MZSTMV32,81031734.61,Prairie Rose,2021/04/13,2,73417.39
10000006007,LHKN321130MZSPJR06,28915808.45,Veith,2021/12/13,2,41628.16
10000004018,NXSM221231MYNSBY82,56318200.24,Golden Leaf,2021/05/26,3,79507.5
10000007565,GHJL121231HYNLRO21,35042800.81,Washington,2021/03/20,2,73519.64
10000006519,FKHI221231MZSEBX72,7249527.0,Hollow Ridge,2021/09/27,1,97788.89
10000005689,HBAL621131MZSTLY56,64320216.5,Eliot,2021/03/05,1,85989.24
10000003387,WENS521200MVZHKD52,29095668.01,Mosinee,2021/08/01,3,30258.65
10000004777,EFSG521231MZSNPB78,22175659.46,Hazelcrest,2021/04/16,3,37816.07
10000005065,FKHI221231MZSEBX72,21779161.9,Laurel,2021/01/03,2,51366.56
10000003483,VIXM620731HZSEDX24,32486094.97,Bunker Hill,2021/01/04,2,18940.02
10000004707,BXJN021204HSRMAD98,17230634.16,Southridge,2021/10/14,2,54902.27
10000000544,ZXGO021030HZSZWX25,32884860.24,Graceland,2021/04/20,3,67279.98
10000008658,CDYW321130HVZONA75,56706695.02,Comanche,2021/10/19,1,26060.21
10000003787,GYCO821231HYNDJB26,9539001.0,Barnett,2021/04/25,3,5006.43
10000006554,WUTD721030HVZJZV74,92166473.12,Heath,2021/07/14,2,37620.18
10000002645,XKTZ121231HZSSUM66,21416197.16,Pine View,2021/10/02,2,32747.26
10000009229,EWOQ421231MVZHKP33,66863740.08,Memorial,2021/02/28,3,48678.74
10000003879,BHCI521001MVZCWH93,61665555.53,Cherokee,2021/06/03,2,50111.51
10000000235,VJTP121115MYNSOX03,79816215.71,Lerdahl,2021/03/02,3,40821.78
10000001765,WMQI921231MZSQMP83,22064901.82,Moland,2021/07/03,1,8859.61
10000009830,LRVU521210MZSTBF58,23108029.46,Elgar,2021/06/17,3,26762.0
10000008870,XJMP021131HZSELV39,94244762.47,Lake View,2021/03/20,1,92494.87
10000005544,DMIS521231MZSMRJ82,79699513.01,Stephen,2021/07/12,3,58256.09
10000002120,LOJM421131HTSWVJ47,9508326.0,Fordem,2021/08/18,1,8348.57
10000007790,GBFV921131MYNWIX81,54722938.79,Cascade,2021/04/01,1,64422.94
10000008400,EWOQ421231MVZHKP33,72899911.3,Pond,2021/06/19,1,50462.99
10000001501,BQLF821212HZSSZF72,95628646.31,Union,2021/01/05,2,6915.1
10000008879,EFSG521231MZSNPB78,45041478.67,Bartillon,2021/04/08,1,52761.15
10000000152,CFIZ721031HTCQMG24,55513084.67,Sage,2021/06/27,3,24728.08
10000006469,SBPN421030HZSMRZ70,42281199.29,Prairieview,2021/01/10,1,31196.86
10000002134,BLTF621209HTCRZJ09,21469948.48,Kenwood,2021/11/16,1,48746.73
10000006886,GYCO821231HYNDJB26,61099602.96,Kennedy,2021/01/22,2,38393.64
10000009522,LHQZ221203MZSJDP05,8348651.41,Southridge,2021/04/07,3,73504.63
10000006874,EFSG521231MZSNPB78,99847573.43,Green,2021/10/03,2,41401.51
10000001315,BXJN021204HSRMAD98,70286645.27,Sommers,2021/06/27,1,93859.77
10000000580,GPXS821113MVZBWT98,59146984.06,Bartillon,2021/08/16,1,51985.13
10000002559,XTWD921119HYNZDQ33,39702968.88,Cordelia,2021/09/26,3,74335.6
10000006248,FKHI221231MZSEBX72,90670322.09,Di Loreto,2021/02/06,3,15609.31
10000007883,JICQ921231HZSBVG40,4006722.0,Pepper Wood,2021/09/07,3,91906.25
10000007945,BXER421230HZSUCR87,18109009.2,Sachs,2021/11/10,3,92085.14
10000003644,BXER421230HZSUCR87,84441762.16,Parkside,2021/01/29,2,61351.82
10000003599,IDYV921202MZSUVL52,67245814.26,Sachs,2021/08/09,1,80172.31
10000002399,ICJP721118HZSUKJ33,33748449.22,Ronald Regan,2021/05/05,1,37364.04
10000009527,LHKN321130MZSPJR06,40115095.76,Rutledge,2021/07/19,1,92187.44
10000000917,WENS521200MVZHKD52,32120036.47,Sloan,2021/02/05,3,9354.45
10000007183,AWMB121231HZSATI77,55758728.87,Colorado,2021/04/11,1,48803.56
10000007434,IQPR321230HZSMCW91,19885088.75,Village,2021/01/28,3,36458.21
10000004460,CNYW021131HYNXLY65,80236246.69,Miller,2021/03/28,3,15194.19
10000001590,PGOX721130HVZSAN60,46224655.48,Claremont,2021/05/26,2,69610.89
10000004300,XKGH621000MZSGXU17,56543177.59,Northview,2021/03/22,3,9790.65
10000008463,XKTZ121231HZSSUM66,10956933.63,Delaware,2021/10/11,3,50730.5
10000003920,VIXM620731HZSEDX24,11538798.36,Ohio,2021/12/01,2,35782.58
10000009912,BCEK021131HVZYTF07,62890804.83,La Follette,2021/03/17,1,2761.13
10000002664,EWOQ421231MVZHKP33,80718107.87,Sachs,2021/12/07,3,3210.7
10000000904,LGBI721117HZSUZF58,26695326.54,Aberg,2021/04/16,1,24640.79
10000009033,LEWC320701MYNGLC28,31627095.47,Jay,2021/10/12,3,89308.66
10000001531,OJZQ021230MYNIPR26,97343223.58,Trailsway,2021/05/11,3,86788.42
10000008432,OJZQ021230MYNIPR26,53824980.29,Farragut,2021/10/27,3,85744.56
10000002663,FKHI221231MZSEBX72,56399322.82,Pond,2021/06/02,1,94684.3
10000004422,LGMH321113MZSMNJ52,83090186.21,Clove,2021/10/19,3,55183.62
10000009918,HBAL621131MZSTLY56,53197371.26,School,2021/09/01,3,95172.62
10000007504,LHQZ221203MZSJDP05,66468683.11,Dawn,2021/09/23,3,61572.82
10000000623,VHJK421030HVZXQH47,58859936.29,Chinook,2021/01/06,1,80129.0
10000004874,KWMD421231HVZIMT92,96807892.25,Declaration,2021/05/27,3,71870.3
10000005055,KTEW021231HYNYQC90,35808640.49,Golf,2021/09/30,1,21070.91
10000008491,CJFP521030MTSLMA16,56292478.58,Lakewood Gardens,2021/11/03,1,33612.66
10000002551,BLTF621209HTCRZJ09,23005315.44,Parkside,2021/03/01,2,91584.17
10000008255,FXZM921231MZSBRU13,43453565.65,Springview,2021/06/01,1,82189.96
10000005484,WUTD721030HVZJZV74,563448.36,Jay,2021/11/04,1,11114.05
10000007449,KSGI821231HYNYSH54,94237374.33,Gateway,2021/10/23,3,14317.65
10000000738,WCHV321031MTSDFW82,80389692.33,Thompson,2021/11/25,1,5294.93
10000007956,VIXM620731HZSEDX24,15616819.63,Roxbury,2021/09/11,3,29789.09
10000004531,WMQI921231MZSQMP83,13420366.97,Linden,2021/06/25,2,72135.17
10000005977,DGTM621207HZSZBO66,95068062.33,Mccormick,2020/12/30,1,57585.12
10000005021,EWOQ421231MVZHKP33,8627317.0,Hoard,2021/10/12,3,2506.81
10000001518,RDJZ921231MTCQLK08,65896702.47,Badeau,2021/05/02,3,5860.5
10000008676,DWOT120031HYNPAG86,32380888.55,Paget,2021/10/20,1,52586.52
10000000633,ZXGO021030HZSZWX25,30526417.17,Menomonie,2021/11/14,2,22261.1
10000009337,KDZQ021130MTSGIN78,96020510.17,Sycamore,2021/03/28,3,27497.53
10000002112,QKEI420407MYNMDL69,8224814.0,Arapahoe,2021/12/05,2,28954.35
10000002434,XFHT721216MYNJQA50,49754841.97,Express,2021/05/16,2,89728.21
10000001694,CNYW021131HYNXLY65,81757021.93,Hovde,2021/10/31,2,56304.3
10000005172,BHCI521001MVZCWH93,6512821.0,Ridgeview,2020/12/31,3,99597.18
10000004876,WGAR321231MYNTYF48,6268551.08,Oneill,2021/06/23,1,73897.06
10000009656,PDGK421131HYNUFS04,75124449.65,Darwin,2021/10/20,2,65071.43
10000004153,ICJP721118HZSUKJ33,16613671.52,Buhler,2021/03/05,2,1533.66
10000001754,RDJZ921231MTCQLK08,15388642.37,Lakewood Gardens,2021/06/17,3,28226.37
10000002361,CNYW021131HYNXLY65,71300281.29,Sundown,2021/04/20,1,64349.31
10000009494,LRVU521210MZSTBF58,54149707.85,3rd,2021/07/19,1,36146.01
10000007916,KWMD421231HVZIMT92,79497457.46,Rutledge,2021/02/24,2,1158.18
10000007389,KWMD421231HVZIMT92,89628250.66,High Crossing,2021/08/25,3,52512.58
10000009524,WCHV321031MTSDFW82,34967454.92,Northview,2021/12/14,3,16135.02
10000008886,KTEW021231HYNYQC90,28600375.25,Eagan,2021/01/15,1,4872.43
10000009270,LGMH321113MZSMNJ52,26004794.95,Gina,2021/05/25,2,8219.9
10000009069,WUTD721030HVZJZV74,99037432.14,Pleasure,2021/07/02,2,97707.71
10000005540,SJGO720331HVZEMS58,70274703.83,Eggendart,2021/10/19,2,72496.12
10000003628,XCZJ721231MZSUHM37,11245291.69,Kedzie,2021/12/06,2,93472.58
10000003940,PXGZ621015MZSLVJ92,37709063.81,Vidon,2021/04/01,2,81417.06
10000009978,JFEW421231MTSUQT82,96750937.04,Grayhawk,2021/10/12,3,48731.76
10000006524,IDYV921202MZSUVL52,45597084.86,Dorton,2021/07/24,3,44187.83
10000006430,QKEI420407MYNMDL69,39268887.72,Hollow Ridge,2021/06/22,1,91683.39
10000004673,GHJL121231HYNLRO21,87818667.38,Mendota,2020/12/17,2,15962.68
10000006126,IDYV921202MZSUVL52,35074318.24,Basil,2021/02/13,3,57879.46
10000002845,JFEW421231MTSUQT82,11797771.17,Victoria,2021/02/14,3,31762.84
10000008228,CFIZ721031HTCQMG24,35534614.12,Barby,2021/05/06,3,58979.02
10000005920,CFIZ721031HTCQMG24,46535112.64,Kinsman,2021/10/14,3,11204.64
10000003597,DMIS521231MZSMRJ82,80882765.47,Welch,2021/11/24,3,65919.05
10000007674,GHJL121231HYNLRO21,4447983.0,Badeau,2021/02/28,3,37904.06
10000002700,DRCW921231MZSQAG46,55063139.31,Melby,2021/03/26,3,57258.88
10000008925,XCZJ721231MZSUHM37,34408350.58,High Crossing,2021/06/19,3,17357.66
10000009957,WUTD721030HVZJZV74,26099748.24,Briar Crest,2021/02/14,1,16019.06
10000001315,EWOQ421231MVZHKP33,76900740.38,Bartelt,2021/07/12,1,3381.08
10000009582,HSPT121130MVZYGR35,83549362.22,Nevada,2021/11/06,3,6682.33
10000001579,DMIS521231MZSMRJ82,99389950.0,Scott,2021/07/27,2,17549.38
10000000420,EWOQ421231MVZHKP33,60970323.41,Sauthoff,2021/11/19,2,36649.1
10000008598,SBPN421030HZSMRZ70,28904364.01,Bluestem,2021/06/03,3,61877.51
10000008454,XKGH621000MZSGXU17,78217961.17,Manitowish,2021/01/25,1,87490.21
10000001308,CJFP521030MTSLMA16,38710735.86,Dexter,2021/03/26,1,51148.7
10000006182,CUTS121231HZSHRV20,56259100.56,Menomonie,2021/04/23,2,89016.81
10000008884,ADVI521030HYNGQV53,56029799.26,Lillian,2021/11/09,3,83120.14
10000006423,GBFV921131MYNWIX81,86896403.13,Main,2021/08/23,1,94.09
10000006909,HSYK621031HYNTYF70,33243417.87,Graceland,2021/04/14,3,72502.04
10000001155,LHKN321130MZSPJR06,69821773.61,Fisk,2021/06/23,3,81178.35
10000007006,SBPN421030HZSMRZ70,5686984.84,Myrtle,2021/05/04,1,60932.19
10000003981,DMVY221231MTSNCS95,20249216.76,Bluejay,2021/08/01,2,2820.45
10000007264,DLGF821131MYNBXM09,34948740.65,Forster,2021/02/08,2,61357.55
10000006149,XJMP021131HZSELV39,18054854.67,Ramsey,2021/09/18,3,61859.4
10000008218,XTWD921119HYNZDQ33,14933574.09,Summerview,2021/10/02,2,74429.09
10000005667,LGMH321113MZSMNJ52,68845543.76,Everett,2021/08/04,1,2053.5
10000002408,XTWD921119HYNZDQ33,14397511.55,Linden,2021/08/07,3,31813.9
10000008721,BLTF621209HTCRZJ09,17073254.8,Eggendart,2021/05/08,1,5348.5
10000008203,NXSM221231MYNSBY82,89968576.03,Prairieview,2021/06/01,1,53893.2
10000008286,AWMB121231HZSATI77,64314736.22,Oak Valley,2021/05/04,1,30719.33
10000009224,PGOX721130HVZSAN60,3121686.0,Huxley,2021/08/09,1,71238.54
10000002501,LHKN321130MZSPJR06,67302033.32,Namekagon,2021/05/13,3,26174.6
10000007337,OJZQ021230MYNIPR26,89237948.41,Corben,2021/02/22,3,28905.1
10000001393,LHQZ221203MZSJDP05,3454909.39,Russell,2021/01/28,2,14428.53
10000004381,UICH421231HZSMKE02,96510057.13,Morning,2021/03/13,2,45014.11
10000001909,XCZJ721231MZSUHM37,48676423.83,Garrison,2021/08/29,2,77351.91
10000009081,RFGX021031MZSBYQ23,41460546.92,Crowley,2021/12/01,3,94248.88
10000000640,BMDJ921131MZSLYK19,22477393.36,Jackson,2021/08/24,2,7511.54
10000005440,HQSR321031MYNWYZ62,61317456.07,Carioca,2021/08/26,2,17674.14
10000006497,UFBX521131MSRDLT78,78053257.85,Claremont,2021/10/11,2,92020.27
10000009917,DGXW921230HZSETA04,19057301.8,Bluestem,2021/10/21,3,90522.19
10000008623,HNOS721217MTCVTL96,2259977.87,Corben,2021/06/03,3,19293.94
10000003816,RDJZ921231MTCQLK08,89303024.3,Park Meadow,2021/04/12,3,87526.56
10000007251,PXGZ621015MZSLVJ92,64814692.41,Packers,2021/11/23,1,70042.89
10000002109,HBAL621131MZSTLY56,16620846.7,Corscot,2021/05/23,2,46798.83
10000004646,LRVU521210MZSTBF58,39348347.07,Mallory,2021/09/07,3,89186.66
10000002033,BXJN021204HSRMAD98,16343881.17,Thierer,2021/02/08,1,47840.08
10000000705,WUTD721030HVZJZV74,96839568.93,Homewood,2021/08/04,3,26785.33
10000009153,KDZQ021130MTSGIN78,71340848.61,High Crossing,2021/10/10,1,16685.46
10000004585,DWOT120031HYNPAG86,39820677.65,Old Shore,2021/10/07,3,66297.17
10000000933,LGMH321113MZSMNJ52,19273406.92,Commercial,2021/04/30,3,4669.45
10000006610,SJGO720331HVZEMS58,41598369.3,Eagle Crest,2021/01/23,1,64336.82
10000002196,DLGF821131MYNBXM09,44908365.59,Dexter,2021/08/22,3,96812.61
10000002816,WGAR321231MYNTYF48,16758693.16,Orin,2021/08/16,2,20080.08
10000006836,BQLF821212HZSSZF72,21454873.6,1st,2021/02/27,1,40589.71
10000005328,VJTP121115MYNSOX03,32532211.98,Hintze,2021/01/24,3,58134.42
10000002735,CNYW021131HYNXLY65,59160633.75,Twin Pines,2021/09/29,3,70189.12
10000001667,KSGI821231HYNYSH54,19948060.79,Warner,2020/12/27,2,2044.15
10000003050,BQLF821212HZSSZF72,34007989.67,Oak Valley,2021/09/28,1,47986.83
10000004769,AIRJ621216MYNYMX08,72771721.17,Kipling,2021/12/09,3,31048.45
10000004411,DMVY221231MTSNCS95,11471224.06,Dakota,2020/12/20,3,41467.53
10000003869,ADVI521030HYNGQV53,18089362.56,Jenna,2021/12/06,2,5564.25
10000008031,KWMD421231HVZIMT92,3620598.23,Paget,2021/05/10,3,88179.07
10000001786,IQPR321230HZSMCW91,80101667.83,Maryland,2021/11/05,3,80922.9
10000000767,DGXW921230HZSETA04,13396237.83,Maryland,2021/08/17,3,871.47
10000000262,CNYW021131HYNXLY65,65796715.02,Walton,2021/07/26,3,36914.64
10000005230,AIRJ621216MYNYMX08,51890844.43,Russell,2021/07/21,2,80953.32
10000006462,HBAL621131MZSTLY56,94891126.28,Grim,2020/12/21,3,71196.12
10000008624,BCEK021131HVZYTF07,23931559.23,Charing Cross,2021/06/22,2,95070.81
10000003887,PGOX721130HVZSAN60,947528.02,Manley,2021/03/05,3,2988.37
10000008219,MVIH921130MZSNEK36,87315621.71,Kedzie,2021/10/24,1,28050.47
10000006660,MVIH921130MZSNEK36,16484569.77,Laurel,2021/11/10,2,22719.94
10000007647,UFBX521131MSRDLT78,18687448.85,Monterey,2021/01/20,3,28922.26
10000005391,HQSR321031MYNWYZ62,79673423.8,Waubesa,2021/07/26,3,19272.72
10000007084,BMDJ921131MZSLYK19,20100204.17,Sunbrook,2021/01/21,3,46896.23
10000003152,XJMP021131HZSELV39,83038951.61,Kenwood,2021/08/09,3,26364.94
10000008860,LGMH321113MZSMNJ52,98048771.35,Jenna,2021/04/08,3,29175.72
10000005130,CUTS121231HZSHRV20,91265785.57,Melvin,2021/09/27,2,49251.45
10000006925,DLGF821131MYNBXM09,57362871.35,Onsgard,2021/05/21,3,90651.42
10000006468,WCHV321031MTSDFW82,45564947.79,Hollow Ridge,2021/01/17,1,96406.81
10000001651,HSPT121130MVZYGR35,56063779.96,Kennedy,2021/07/22,1,84521.42
10000000436,CDYW321130HVZONA75,80383740.66,Express,2021/08/13,2,77535.45
10000003222,RFGX021031MZSBYQ23,37625301.04,Kedzie,2021/04/28,2,27037.17
10000009068,DLGF821131MYNBXM09,84077270.88,Holy Cross,2021/09/24,3,31660.44
10000000175,BLTF621209HTCRZJ09,63028667.71,Blaine,2021/03/05,3,19491.32
10000008421,XFHT721216MYNJQA50,32058988.78,Marcy,2021/08/29,1,4635.42
10000004833,IWFM121231MVZTZM06,42720761.54,Stuart,2021/07/06,3,55959.56
10000000343,KWMD421231HVZIMT92,75353067.11,Anniversary,2021/05/11,3,19539.23
10000008373,VHSO921003MYNQDM39,65312682.64,Eastwood,2020/12/17,3,65027.97
10000008994,MVIH921130MZSNEK36,99294036.23,Boyd,2021/05/18,3,24781.01
10000009774,FKHI221231MZSEBX72,57041483.41,Shopko,2021/05/11,2,74494.9
10000001522,FXZM921231MZSBRU13,43671898.09,Del Mar,2021/09/15,3,54889.78
10000009577,FXZM921231MZSBRU13,63794510.7,Cherokee,2021/10/05,3,77710.1
10000001680,YOBL121231HVZQBJ12,98107398.33,Ludington,2021/10/08,3,20879.54
10000006212,NTEW221231HZSUCM73,70746983.85,Jana,2021/10/21,2,65903.13
10000006614,WENS521200MVZHKD52,89140301.96,Del Mar,2021/10/30,3,86326.76
10000000230,IDEX321213HZSFDG13,99862887.59,Forest Run,2020/12/27,3,66757.33
10000002218,LGMH321113MZSMNJ52,14621794.71,Elka,2021/07/08,2,54423.5
10000002257,VJTP121115MYNSOX03,30198147.17,Clarendon,2021/10/27,3,48730.23
10000002539,BCEK021131HVZYTF07,69000716.53,Laurel,2021/07/18,1,74324.08
10000001070,WCHV321031MTSDFW82,80251680.12,Cambridge,2021/07/30,3,35999.54
10000009221,UICH421231HZSMKE02,20503744.74,Eggendart,2021/06/07,3,1618.06
10000006110,JICQ921231HZSBVG40,47852479.41,Westport,2021/09/04,3,51114.12
10000005919,YOBL121231HVZQBJ12,49783855.09,Hanson,2021/06/20,1,74342.84
10000004170,ZXAQ121131HZSQCL79,11039775.54,Muir,2021/10/18,3,99620.77
10000001116,GYCO821231HYNDJB26,22435662.41,Glendale,2021/04/17,3,46403.01
10000003659,ZXGO021030HZSZWX25,33960194.65,Green Ridge,2021/09/03,3,98795.26
10000005638,CFIZ721031HTCQMG24,89565074.29,Tomscot,2021/09/20,1,3014.03
10000002996,PDGK421131HYNUFS04,12518629.36,Superior,2021/10/22,2,16619.94
10000001133,EWOQ421231MVZHKP33,49625787.2,Jackson,2021/10/06,1,40408.77
10000004799,WDMU621130HZSCQJ71,37389180.32,Susan,2021/09/15,3,22974.88
10000009661,SJGO720331HVZEMS58,54232364.99,Ridge Oak,2021/10/23,3,20200.12
10000000395,GPXS821113MVZBWT98,96536135.66,Anniversary,2021/02/12,2,60794.49
10000000983,VJTP121115MYNSOX03,36177311.75,Lotheville,2021/09/27,2,11416.38
10000007253,LHKN321130MZSPJR06,70945559.34,Rigney,2021/10/28,3,16816.52
10000001995,NTEW221231HZSUCM73,50000843.92,Farragut,2021/03/27,1,18298.56
10000002226,XFHT721216MYNJQA50,45876053.99,Montana,2021/09/23,1,66422.18
10000006145,DMIS521231MZSMRJ82,74003514.15,Oak,2021/01/31,3,53702.33
10000001065,XTWD921119HYNZDQ33,84928727.38,Starling,2021/04/19,1,15268.35
10000001168,XFHT721216MYNJQA50,64000519.44,Knutson,2021/07/31,3,58650.22
10000006636,BLTF621209HTCRZJ09,40759869.86,Grasskamp,2021/12/08,2,32442.39
10000005108,ICJP721118HZSUKJ33,80085984.34,Buell,2021/12/13,1,77223.61
10000002923,VJTP121115MYNSOX03,11212574.45,Fuller,2021/11/28,3,14799.52
10000005128,EFSG521231MZSNPB78,49505271.0,Tomscot,2021/04/19,2,38675.35
10000008924,VJTP121115MYNSOX03,82699447.54,John Wall,2021/10/19,3,30160.05
10000009886,FKHI221231MZSEBX72,12722974.5,Summer Ridge,2021/11/27,3,89656.91
10000008068,WGAR321231MYNTYF48,92947096.89,Dwight,2021/02/27,1,37351.27
10000001144,BQLF821212HZSSZF72,4162286.9,Arkansas,2021/08/24,2,3667.29
10000005282,BQLF821212HZSSZF72,70342286.24,Meadow Ridge,2021/09/24,3,78046.86
10000007436,JFEW421231MTSUQT82,2281514.69,Thackeray,2021/09/10,3,95430.53
10000009859,SBPN421030HZSMRZ70,27128299.45,Chinook,2021/04/16,3,26450.76
10000009304,DMIS521231MZSMRJ82,41853474.97,Summit,2021/05/21,1,60380.47
10000001883,YOBL121231HVZQBJ12,69803957.24,Mallard,2021/09/04,1,40591.12
10000005504,GBFV921131MYNWIX81,74074434.92,Texas,2021/07/13,2,33411.1
10000003187,FADB421231MZSTMV32,39653144.46,Sunbrook,2021/05/26,3,6811.5
10000009648,VHSO921003MYNQDM39,20599305.9,3rd,2021/05/26,2,60716.15
10000006895,KTEW021231HYNYQC90,65608441.24,Hanover,2020/12/28,3,34474.19
10000004260,NTEW221231HZSUCM73,56226571.07,Kipling,2021/05/13,2,22850.68
10000008153,AIRJ621216MYNYMX08,72330157.4,Vermont,2021/07/20,3,1533.1
10000003619,EXCA921131HZSFIB29,9172861.0,Northfield,2021/04/21,3,18134.73
10000005416,GBFV921131MYNWIX81,94673758.11,Annamark,2021/01/06,2,20529.66
10000003127,BXER421230HZSUCR87,65772871.88,Gateway,2021/09/20,3,77907.47
10000008422,NXSM221231MYNSBY82,37645033.98,Grover,2021/10/10,3,67224.94
10000002445,JGBV021209HZSSWX26,29117383.39,Susan,2021/02/16,3,63537.89
10000005482,KWMD421231HVZIMT92,9979638.0,Spaight,2021/07/10,1,67847.5
10000003891,AGPN521117HVZYQH48,23205334.82,Bartillon,2021/09/30,3,39055.5
10000008378,LHKN321130MZSPJR06,27525464.44,Darwin,2021/10/28,1,81259.94
10000005702,WUTD721030HVZJZV74,70024374.87,Talmadge,2021/09/02,3,7250.07
10000007112,KWMD421231HVZIMT92,91801147.16,Algoma,2020/12/25,3,25966.77
10000004049,AGPN521117HVZYQH48,91219309.28,Monterey,2021/02/18,2,70968.98
10000005828,ADVI521030HYNGQV53,81626292.06,Fairfield,2021/10/28,3,87724.34
10000008528,HNOS721217MTCVTL96,14780264.44,Pleasure,2021/09/21,2,75009.37
10000009608,LHQZ221203MZSJDP05,56304101.1,Fremont,2021/02/16,3,11140.74
10000006497,XCZJ721231MZSUHM37,47701712.47,Village Green,2021/07/11,3,2361.12
10000007793,XKGH621000MZSGXU17,93265725.59,Russell,2021/08/25,1,57572.86
10000008470,NXSM221231MYNSBY82,53884819.99,Scott,2021/05/06,3,12468.39
10000008265,HNOS721217MTCVTL96,98359623.11,Miller,2021/01/30,1,78572.06
10000002495,RFGX021031MZSBYQ23,44416660.61,Glacier Hill,2021/11/23,1,81964.62
10000003639,AIRJ621216MYNYMX08,36622239.47,Weeping Birch,2021/12/09,2,97018.37
10000005115,FLER321116MTSNTD25,70540177.1,Johnson,2021/11/26,3,89428.95
10000009980,JFEW421231MTSUQT82,4563045.32,Dorton,2021/06/30,1,97914.86
10000001240,KJVQ020031HTSXVE19,13174935.61,Norway Maple,2021/10/02,3,38051.66
10000003978,NTEW221231HZSUCM73,13130493.21,Superior,2021/08/29,2,19332.9
10000005784,HSPT121130MVZYGR35,96435140.97,Cardinal,2021/04/05,3,52044.44
10000006919,XTWD921119HYNZDQ33,71218576.52,Melrose,2021/05/10,2,61696.5
10000000602,DLGF821131MYNBXM09,65514619.43,Bellgrove,2021/03/07,2,87001.67
10000006953,CJFP521030MTSLMA16,95473561.37,Main,2021/07/04,3,66647.1
10000003635,HNOS721217MTCVTL96,68936923.87,Manley,2021/09/18,3,62648.14
10000000424,MVIH921130MZSNEK36,23027506.09,Graceland,2021/05/08,2,79990.79
10000008558,IQPR321230HZSMCW91,776089.49,Hoard,2021/11/26,1,91655.44
10000001276,CUTS121231HZSHRV20,71864571.09,Florence,2021/02/19,3,94348.46
10000001773,KSGI821231HYNYSH54,96957094.26,Union,2021/08/25,2,97159.36
10000000629,JICQ921231HZSBVG40,5403878.0,Lakewood,2021/07/26,3,34716.98
10000006437,JLWQ221207HTSUVW22,63834306.36,Chive,2021/11/13,2,60944.12
10000009187,RDJZ921231MTCQLK08,68984323.06,Briar Crest,2021/07/20,2,43675.69
10000004089,HSPT121130MVZYGR35,90022342.24,Porter,2021/03/15,3,50106.79
10000006136,JFEW421231MTSUQT82,13441576.16,Gateway,2021/10/21,3,53637.09
10000007157,HQSR321031MYNWYZ62,32421293.66,Delladonna,2021/01/13,3,26568.38
10000009724,ZXAQ121131HZSQCL79,92297219.91,New Castle,2021/02/20,2,33534.79
10000007666,NXSM221231MYNSBY82,93660719.62,Basil,2021/06/14,3,16246.04
10000007569,MVIH921130MZSNEK36,64042589.73,Blaine,2021/08/02,3,68618.55
10000008914,RDJZ921231MTCQLK08,95907812.19,Scofield,2021/06/12,3,7576.57
10000000102,WGAR321231MYNTYF48,28377386.23,Lake View,2021/05/28,1,50700.82
10000003693,DWOT120031HYNPAG86,68066086.72,Fisk,2021/10/04,1,9000.25
10000007087,LGMH321113MZSMNJ52,26090902.76,Northfield,2021/08/12,3,77616.19
10000006533,NTEW221231HZSUCM73,91843163.9,Pleasure,2021/05/20,3,30007.01
10000008466,DMVY221231MTSNCS95,18312412.37,Mallory,2021/02/07,2,26131.72
10000007704,WUTD721030HVZJZV74,91081757.63,Mallard,2021/08/02,3,82708.73
10000009887,CUTS121231HZSHRV20,69114305.41,Lerdahl,2021/09/07,2,63171.85
10000003248,GPXS821113MVZBWT98,34550541.72,Tomscot,2021/04/26,2,97233.6
10000004751,BCEK021131HVZYTF07,44927234.79,Utah,2021/03/31,1,97552.06
10000005941,EFSG521231MZSNPB78,15833906.63,Namekagon,2021/07/18,2,5598.91
10000005847,FXZM921231MZSBRU13,91141471.45,Vermont,2021/11/01,3,40941.33
10000004689,IQPR321230HZSMCW91,38867673.18,Cambridge,2021/11/24,3,88100.74
10000002997,NTEW221231HZSUCM73,18655317.05,Main,2021/03/31,2,18449.2
10000003961,KJVQ020031HTSXVE19,36645644.12,Drewry,2021/08/07,1,44271.51
10000004990,PGOX721130HVZSAN60,60491850.18,Farragut,2021/12/07,1,81210.03
10000008662,SZHA821231HYNCYW84,59925482.47,Forster,2020/12/24,1,72603.44
10000009716,XJMP021131HZSELV39,26815184.32,Walton,2021/11/19,2,23400.94
10000009463,FKHI221231MZSEBX72,15508009.18,Gale,2021/04/15,3,49757.38
10000002828,FADB421231MZSTMV32,17034351.32,Fairview,2021/09/04,3,56373.88
10000008460,KJVQ020031HTSXVE19,49063944.91,Toban,2021/11/07,1,84457.29
10000008298,BQLF821212HZSSZF72,96599514.17,Riverside,2021/01/08,3,94763.75
10000005509,BXER421230HZSUCR87,13764940.18,Blue Bill Park,2021/04/30,1,25871.53
10000005490,HQSR321031MYNWYZ62,53197930.57,Morningstar,2021/07/03,2,63049.22
10000000702,BQLF821212HZSSZF72,34299839.14,Nobel,2021/07/18,1,47738.85
10000007771,JICQ921231HZSBVG40,62898662.06,Oak,2021/01/31,1,753.52
10000009673,BMDJ921131MZSLYK19,49231007.77,Vidon,2021/07/04,2,24182.73
10000001256,AWMB121231HZSATI77,80204635.21,Fisk,2021/07/19,2,20699.47
10000000378,KDZQ021130MTSGIN78,32718031.47,Morning,2021/05/26,2,32071.84
10000004210,CNYW021131HYNXLY65,51628420.18,Dennis,2021/04/18,3,69932.37
10000001935,DMIS521231MZSMRJ82,13396817.27,Myrtle,2021/02/28,1,98241.0
10000002481,JFEW421231MTSUQT82,12801482.45,Steensland,2021/02/18,3,42161.81
10000004820,BXJN021204HSRMAD98,55490236.76,Mockingbird,2021/11/12,3,38718.91
10000008523,LGBI721117HZSUZF58,12861382.07,Brentwood,2021/01/19,3,17215.95
10000004611,DLGF821131MYNBXM09,46529664.23,Dexter,2021/08/10,2,9142.67
10000002947,IDEX321213HZSFDG13,22031797.57,Lighthouse Bay,2021/05/20,3,7396.43
10000008162,FADB421231MZSTMV32,5284587.0,Clyde Gallagher,2021/12/08,3,48789.98
10000009742,FNUX220531MZSPYZ98,27001368.1,Schiller,2021/05/31,2,69037.06
10000006209,DRCW921231MZSQAG46,60147510.05,Scoville,2021/09/04,1,49768.74
10000007733,FKHI221231MZSEBX72,62677972.14,Eliot,2021/06/26,3,98033.5
10000007799,KDZQ021130MTSGIN78,33877758.59,Magdeline,2020/12/17,3,32621.05
10000004392,FLER321116MTSNTD25,93037159.21,Briar Crest,2021/10/26,2,84359.9
10000008813,QKEI420407MYNMDL69,18778697.79,Corben,2021/05/22,3,97544.38
10000000482,DLGF821131MYNBXM09,79752566.03,Carey,2021/10/04,1,41671.26
10000003647,WENS521200MVZHKD52,81110947.74,Nobel,2021/07/01,2,89249.02
10000000463,BCEK021131HVZYTF07,18893547.49,Starling,2021/05/21,3,35867.1
10000009590,WENS521200MVZHKD52,68782768.82,Orin,2021/10/08,3,92803.52
10000000241,FADB421231MZSTMV32,32587.8,Cascade,2021/09/11,3,41960.65
10000008385,CUTS121231HZSHRV20,55278719.9,Rusk,2021/12/09,3,29657.29
10000004552,AIRJ621216MYNYMX08,8193962.0,Barby,2021/07/06,3,81778.22
10000004624,DGXW921230HZSETA04,10827919.36,Almo,2021/12/05,3,61114.28
10000005233,YOBL121231HVZQBJ12,91408127.43,Prairieview,2021/08/31,1,52326.24
10000009516,WUTD721030HVZJZV74,62764828.5,Atwood,2021/03/21,3,25769.53
10000007132,KTEW021231HYNYQC90,84169085.06,3rd,2021/01/18,1,63776.48
10000002048,DRCW921231MZSQAG46,82212681.42,Division,2021/08/19,3,86996.63
10000002000,CDYW321130HVZONA75,11175043.06,Aberg,2021/02/16,1,77130.31
10000009069,EXCA921131HZSFIB29,20687598.3,Ryan,2021/09/30,3,15411.62
10000006881,YOBL121231HVZQBJ12,89523898.52,South,2021/09/13,2,14962.35
10000004975,JFEW421231MTSUQT82,73304494.03,Northfield,2021/09/26,3,75910.49
10000007504,ZXAQ121131HZSQCL79,90943957.49,Norway Maple,2020/12/22,3,77217.55
10000006362,VJTP121115MYNSOX03,61861451.66,Scott,2021/02/19,1,9135.98
10000002972,KDZQ021130MTSGIN78,64096588.45,Oak,2021/01/05,3,5962.2
10000008389,FLER321116MTSNTD25,48249276.55,Cordelia,2021/03/18,1,95066.84
10000002870,PDGK421131HYNUFS04,90638908.37,Charing Cross,2021/10/14,3,681.88
10000002512,XTWD921119HYNZDQ33,12063542.53,Sauthoff,2021/05/06,2,3964.87
10000007089,LOJM421131HTSWVJ47,79261975.33,Briar Crest,2021/02/25,2,25034.74
10000008421,IDEX321213HZSFDG13,58450892.63,Waubesa,2020/12/17,2,6789.01
10000004930,HBAL621131MZSTLY56,15881950.74,Rockefeller,2021/03/26,3,79358.29
10000009977,ADVI521030HYNGQV53,12234608.12,Northview,2021/08/01,1,54491.51
10000009486,CNYW021131HYNXLY65,60712504.33,Redwing,2021/05/22,1,96436.06
10000002901,GHJL121231HYNLRO21,96760360.25,Clarendon,2021/07/31,3,48988.12
10000005419,EXCA921131HZSFIB29,51703919.63,Jenna,2021/10/17,2,61957.16
10000005366,FQJG621031HVZZRA09,62404954.31,Merry,2021/12/03,2,97560.74
10000007595,KTEW021231HYNYQC90,21922496.49,Eggendart,2021/09/29,3,88017.2
10000006017,LEWC320701MYNGLC28,84262819.54,Westport,2020/12/26,2,68432.0
10000007585,SZHA821231HYNCYW84,63644860.15,Larry,2021/12/14,1,36246.37
10000001566,LOJM421131HTSWVJ47,36681569.98,Alpine,2021/02/20,3,75383.84
10000000656,UICH421231HZSMKE02,53503405.99,Troy,2021/07/19,2,88585.78
10000004256,DLGF821131MYNBXM09,22297829.55,Arrowood,2021/09/11,3,70489.52
10000007243,XFHT721216MYNJQA50,85278504.98,Michigan,2021/05/07,3,92536.97
10000004917,OJZQ021230MYNIPR26,53554614.85,Caliangt,2021/10/21,1,72669.78
10000003805,FADB421231MZSTMV32,4476949.0,Glacier Hill,2021/07/16,2,35736.68
10000008987,DLGF821131MYNBXM09,47775089.63,Hanover,2021/10/13,3,10353.2
10000007430,YOBL121231HVZQBJ12,49432681.55,Pepper Wood,2021/11/02,1,43286.33
10000009313,AGPN521117HVZYQH48,39115185.42,Porter,2021/01/19,2,31591.43
10000000183,ICJP721118HZSUKJ33,89693385.72,Emmet,2021/09/08,3,4233.53
10000006164,LGBI721117HZSUZF58,7756948.0,Spohn,2021/04/05,3,1412.67
10000004606,XTWD921119HYNZDQ33,78264743.29,Burrows,2020/12/20,1,12632.33
10000003942,LGMH321113MZSMNJ52,91542957.17,Rockefeller,2021/12/14,1,80379.0
10000009871,SZHA821231HYNCYW84,1720361.5,Lerdahl,2021/11/21,1,8435.81
10000003999,FLER321116MTSNTD25,22914449.54,Nobel,2021/08/25,3,39600.5
10000000950,IQPR321230HZSMCW91,95827060.6,Macpherson,2021/07/08,1,88369.38
10000002668,FXZM921231MZSBRU13,91446542.28,Crownhardt,2021/11/23,1,27637.02
10000001780,BCEK021131HVZYTF07,83198479.06,Sugar,2021/03/21,2,60795.3
10000002285,LOJM421131HTSWVJ47,58767267.47,Havey,2021/01/30,3,74140.44
10000000280,SZHA821231HYNCYW84,66985988.84,Algoma,2021/03/15,2,10221.14
10000004786,AIRJ621216MYNYMX08,47921229.75,Sunnyside,2021/09/01,2,71696.13
10000000197,VHJK421030HVZXQH47,89671244.51,Ramsey,2021/09/17,3,33829.42
10000002648,WCHV321031MTSDFW82,32610102.47,Toban,2021/04/06,1,15104.85
10000009174,WENS521200MVZHKD52,1314894.21,Hollow Ridge,2021/01/23,3,81445.12
10000008908,AIRJ621216MYNYMX08,21533906.55,Blackbird,2021/07/07,3,64127.89
10000005152,LOJM421131HTSWVJ47,3420013.0,Hazelcrest,2021/03/27,1,18464.72
10000003334,HQSR321031MYNWYZ62,50296550.52,Express,2021/10/03,2,9843.42
10000002233,AGPN521117HVZYQH48,70463327.05,Westport,2021/02/08,2,52623.89
10000007187,FQJG621031HVZZRA09,76449557.18,Miller,2021/03/04,2,52865.91
10000007703,WENS521200MVZHKD52,78194156.44,Banding,2021/06/17,3,23346.39
10000008028,MVIH921130MZSNEK36,92474150.1,Crowley,2021/08/15,2,87483.69
10000005648,ICJP721118HZSUKJ33,84426658.13,Hansons,2021/05/19,2,31849.35
10000008929,KJVQ020031HTSXVE19,19245084.83,Corben,2021/05/19,3,39515.66
10000000269,HSYK621031HYNTYF70,81945179.5,Ridgeway,2021/07/25,3,71633.85
10000004934,KDZQ021130MTSGIN78,44916289.41,Weeping Birch,2021/02/10,3,57101.96
10000001077,SZHA821231HYNCYW84,57158704.86,Anniversary,2021/11/17,2,35793.41
10000001970,BMDJ921131MZSLYK19,30050564.25,Fairfield,2021/01/19,2,34754.63
10000002998,EFSG521231MZSNPB78,30011760.32,Fieldstone,2021/03/20,3,26325.95
10000004341,ADVI521030HYNGQV53,68510760.74,Mitchell,2021/03/30,1,27580.25
10000001588,BMDJ921131MZSLYK19,71625377.65,Kennedy,2021/04/09,1,10140.97
10000005894,CFIZ721031HTCQMG24,86981477.58,Sullivan,2021/09/17,1,83618.83
10000008842,VPJL820000MYNMCK71,92652528.28,Manitowish,2021/05/27,3,96282.83
10000004585,FSXP721205MZSAJT80,69077179.48,Sutteridge,2021/07/22,3,26405.04
10000009049,YOBL121231HVZQBJ12,16420208.41,Grayhawk,2021/05/03,3,88436.72
10000005193,AGPN521117HVZYQH48,27510460.11,Stuart,2021/10/25,3,12156.93
10000002873,FADB421231MZSTMV32,65468983.83,Fisk,2021/05/15,3,68447.32
10000009555,HSYK621031HYNTYF70,85214350.29,Dorton,2021/10/11,1,67521.42
10000007603,LRVU521210MZSTBF58,96636363.36,Schiller,2021/02/27,3,68283.23
10000005626,AWMB121231HZSATI77,85539812.41,Oak Valley,2021/04/12,3,50180.93
10000001706,EXCA921131HZSFIB29,48103286.85,Loftsgordon,2021/12/07,2,82228.13
10000006297,PXGZ621015MZSLVJ92,50993467.55,South,2021/01/26,3,57639.05
10000007119,IQPR321230HZSMCW91,48392030.68,International,2021/08/01,3,58126.61
10000004778,DMIS521231MZSMRJ82,29116672.37,Mcguire,2021/01/08,1,48985.96
10000005226,FLER321116MTSNTD25,4559403.12,Grover,2021/06/06,2,89639.54
10000004735,PXGZ621015MZSLVJ92,63281424.98,Golden Leaf,2021/10/14,3,1502.48
10000004019,KSGI821231HYNYSH54,90116307.66,Sachtjen,2021/11/27,3,52389.07
10000008653,PGOX721130HVZSAN60,28690200.32,Canary,2021/12/10,2,84893.21
10000007502,DMIS521231MZSMRJ82,4171101.62,Nova,2021/11/03,1,40679.84
10000007945,FNUX220531MZSPYZ98,76177378.89,Tony,2021/06/08,3,59371.85
10000006561,XFHT721216MYNJQA50,9989267.0,Kinsman,2021/12/04,3,93732.19
10000006300,DRCW921231MZSQAG46,110873.43,Grasskamp,2021/01/20,1,18136.74
10000008529,XKGH621000MZSGXU17,32590245.18,Loomis,2021/02/26,3,9700.8
10000002366,GYCO821231HYNDJB26,62217241.79,Harbort,2021/10/31,2,83246.19
10000007955,LOJM421131HTSWVJ47,71629711.9,Ruskin,2021/07/16,3,74805.78
10000006627,HSYK621031HYNTYF70,4861608.41,Almo,2021/02/15,3,34961.66
10000003880,WGAR321231MYNTYF48,92056830.14,Waywood,2021/02/25,1,54521.33
10000008579,KDZQ021130MTSGIN78,75511441.9,Hallows,2021/07/02,3,38717.84
10000000829,CFIZ721031HTCQMG24,87298992.29,Buhler,2021/09/05,2,88358.75
10000007796,FLER321116MTSNTD25,43366126.62,Vernon,2021/06/16,1,25067.3
10000005921,ADVI521030HYNGQV53,62955746.61,Mcbride,2021/11/27,3,94223.2
10000006119,YOBL121231HVZQBJ12,33431716.99,Bay,2021/11/17,2,78736.88
10000000832,KJVQ020031HTSXVE19,31696700.73,Oak Valley,2021/01/01,2,83066.24
10000000461,SZHA821231HYNCYW84,14681086.84,Center,2021/05/27,3,19758.33
10000001754,DGXW921230HZSETA04,16081926.3,Northport,2021/03/14,1,30892.02
10000003177,DRCW921231MZSQAG46,78785909.59,Mitchell,2021/11/10,2,96580.32
10000002479,XKGH621000MZSGXU17,43292828.7,Stoughton,2021/10/01,2,19987.03
10000004835,JFEW421231MTSUQT82,58665340.97,Truax,2021/03/16,1,72372.66
10000005689,UICH421231HZSMKE02,55167022.3,Burning Wood,2021/04/04,3,68360.07
10000005420,GBFV921131MYNWIX81,85918294.06,Melrose,2021/10/04,1,87254.88
10000004970,WDMU621130HZSCQJ71,42946814.92,Brown,2021/05/02,2,20081.33
