telefono,rfc
6344885099,FTL8401620E6
3371844325,JLX6790211M5
8552867922,YVL6838379V4
7468612105,RVO1574724Y9
4025343158,KRQ4231425I4
1261181504,LQG6978588H4
3087883775,GRH4220527S0
6767037116,BMR2041992V3
7752009432,EPO8096754X8
5821495037,GRH4220527S0
4999434170,JBU2902373U5
8884850704,MWP5979298R8
5799141662,AHI4800399G2
5463167696,MHU2422099A5
7033674113,ARD6570017Z2
5149611849,CGQ9212689B4
4657294669,TLZ1633217C2
1217251223,BMR2041992V3
3493236688,FTL8401620E6
5841571277,ZFC2104935A5
8323127821,HNW6639012X2
6763515595,YVL6838379V4
7184492024,GRH4220527S0
7358681283,BZE6055622G4
2436899585,WFN7576552I5
4759665999,QVY1383839L4
9284628916,SEZ8581627H3
3946414964,RVO1574724Y9
1654318283,NZK6863279T4
6773211209,UFS8927463S1
3776230362,SON3505576V8
3439976590,CGQ9212689B4
4878370790,MWU0359284P1
2365626677,ARD6570017Z2
2315514718,WQJ4925580U9
9284613870,JIF4778370F6
3712792389,QAK1470371B1
1987752230,IWA8534429Z3
2345554948,NWM7043378W7
5616432754,CBX9882854O4
2112549314,YSU9460957N2
1376840170,AFU8157150U2
2262741553,ZIR7857848S2
8723934258,AFU8157150U2
5189141362,BZE6055622G4
8776310494,WFT4355283K2
6376877096,GJS6930592L6
8902669026,BAX2265521H9
2085099695,ARD6570017Z2
8369238700,GRH4220527S0
8383959350,MFC3732655J6
2229678294,HNW6639012X2
8741637730,GJP1828286O6
8233858495,BAX2265521H9
6198502242,KRQ4231425I4
8725297124,GRH4220527S0
1704782394,KAD6085355R3
6592797763,BMR2041992V3
1496898455,UBC8404202N0
4549713317,XTN8437327F9
1569320050,ARD6570017Z2
5417283097,IWA8534429Z3
7131678082,ERX4627986V1
9779487482,SEZ8581627H3
3145253812,WQJ4925580U9
9797118651,IRQ6002374B4
7117225694,QKE9621653U9
3886584924,MWP5979298R8
1885501823,AOL0029793I0
1669232518,WCM8387908I4
3575843630,LQG6978588H4
6277654201,ESY7813043D1
8146137378,UBC8404202N0
8006500610,YVL6838379V4
9784498455,PSY0448243N1
1342463483,YQR2912354H7
9818116905,CBX9882854O4
8246324760,PMZ4523957J8
6691025838,EPO8096754X8
6674656833,GPV9625363I3
6466394514,XCL2399429X3
7012633554,PQW5770505B3
4151078506,ZIR7857848S2
3032576500,ESY7813043D1
8766070380,ZIR7857848S2
6753732657,MHU2422099A5
4308926127,SON3505576V8
9538480540,PMZ4523957J8
7681780257,YSU9460957N2
5746761533,NWM7043378W7
5839065087,GJS6930592L6
3108816172,QKE9621653U9
4982312703,NYD9834038C9
4809474234,NHZ2980431N1
5723504187,FUX9208696E4
6524019445,SON3505576V8
7929691778,DGS2734704H3
1704290830,KAD6085355R3
2109385654,LHG2187668U2
2074717809,VHF4469312W8
